_v	7E	clock	1622766267	hexid	C044B2	addrtype	adsb_icao	adsb_version	0	nac_p	8 0 A	nac_v	1 0 A	sil	2 0 A	sil_type	unknown 0 A	nic_baro	1 0 A	airGround	A+ 0 A	alt	22150 0 A	position	{39.66004 -84.27539 8 186} 0 A	alt_gnss	22775 0 A	vrate	2560 0 A	speed	441.6 0 A	track	42.8 0 A	nav_alt_mcp	32992 0 A	nav_heading	47.1 0 A	nav_qnh	1013.6 0 A
_v	7E	clock	1622766267	hexid	A6893C	addrtype	adsb_icao	adsb_version	0	category	A2	nac_p	8 0 A	nac_v	1 0 A	sil	2 0 A	sil_type	unknown 0 A	airGround	A+ 0 A	ident	{JIA5256 } 0 A	alt	23925 0 A	position	{39.93097 -84.51763 8 186} 0 A	alt_gnss	24725 0 A	vrate_geom	1344 0 A	speed	442.4 0 A	track	150.5 0 A
_v	7E	clock	1622766268	hexid	A6893C	nic_baro	1 0 A	airGround	A+ 0 A	alt	23950 0 A	position	{39.92899 -84.51617 8 186} 0 A	alt_gnss	24775 0 A	vrate_geom	1344 0 A	speed	441.9 0 A	track	150.6 0 A	nav_alt_mcp	31008 0 A	nav_qnh	1012.8 0 A
_v	7E	clock	1622766269	hexid	C044B2	es_op_status	F82100020049B8
_v	7E	clock	1622766269	hexid	A6893C	es_op_status	F8210002004AB8
_v	7E	clock	1622766269	hexid	C044B2	adsb_version	2	category	A5	nac_p	9 0 A	sil	3 0 A	sil_type	perhour 0 A	airGround	A+ 0 A	ident	{CJT915  } 0 A	alt	22225 0 A	position	{39.66274 -84.27216 8 186} 0 A	alt_gnss	22850 0 A	vrate	2560 0 A	speed	442.2 0 A	track	42.9 0 A	nav_alt_mcp	32992 0 A	nav_heading	47.1 0 A	nav_qnh	1013.6 0 A
_v	7E	clock	1622766270	hexid	ABEFDD	addrtype	adsb_icao	adsb_version	0	nac_p	9 0 A	nac_v	1 0 A	sil	3 0 A	sil_type	unknown 0 A	nic_baro	1 0 A	airGround	A+ 0 A	alt	36000 0 A	position	{39.00398 -84.94127 8 186} 0 A	alt_gnss	36925 0 A	vrate	0 0 A	speed	471.2 0 A	track	198.1 0 A	nav_alt_mcp	36000 0 A	nav_heading	199.7 0 A	nav_qnh	1013.6 0 A
_v	7E	clock	1622766271	hexid	ABEFDD	es_op_status	F82300060049B8
_v	7E	clock	1622766272	hexid	A6893C	adsb_version	2	nac_p	10 0 A	sil	3 0 A	sil_type	perhour 0 A	airGround	A+ 0 A	squawk	1344 0 A	ident	{JIA5256 } 0 A	alt	24025 0 A	position	{39.92166 -84.51086 8 186} 0 A	alt_gnss	24850 0 A	vrate_geom	1280 0 A	speed	442.8 0 A	track	150.7 0 A	nav_alt_mcp	31008 0 A	nav_qnh	1012.8 0 A	emergency	none 0 A
_v	7E	clock	1622766273	hexid	C044B2	airGround	A+ 0 A	squawk	1462 0 A	alt	22400 0 A	position	{39.66888 -84.26472 8 186} 0 A	alt_gnss	23025 0 A	vrate	2496 0 A	speed	443.7 0 A	track	42.9 0 A	nav_alt_mcp	32992 2 A	nav_heading	47.1 2 A	nav_qnh	1013.6 2 A	emergency	none 0 A
_v	7E	clock	1622766274	hexid	AC85CE	es_op_status	F82100020049B8
_v	7E	clock	1622766279	hexid	ABEFDD	adsb_version	2	sil_type	perhour 4 A	airGround	A+ 0 A	squawk	7435 0 A	alt	36000 0 A	position	{38.98329 -84.94987 8 186} 0 A	alt_gnss	36925 0 A	vrate	0 0 A	speed	471.2 0 A	track	198.1 0 A	nav_alt_mcp	36000 4 A	nav_heading	199.7 4 A	nav_qnh	1013.6 4 A	emergency	none 0 A
_v	7E	clock	1622766280	hexid	ABEFDD	category	A3	airGround	A+ 0 A	ident	{SWA312  } 0 A	alt	36000 0 A	position	{38.98329 -84.94987 8 186} 0 A	alt_gnss	36925 0 A	vrate	0 0 A	speed	471.2 0 A	track	198.1 0 A	nav_alt_mcp	36000 0 A	nav_heading	199.7 0 A	nav_qnh	1013.6 0 A
_v	7E	clock	1622766282	hexid	A6893C	airGround	A+ 4 A	ident	{JIA5256 } 5 A	alt	24150 4 A	position	{39.91240 -84.50409 8 186} 4 A	alt_gnss	24975 4 A	vrate_geom	1280 4 A	speed	443.3 4 A	track	150.5 4 A	nav_alt_mcp	31008 4 A	nav_qnh	1012.8 4 A
_v	7E	clock	1622766283	hexid	C044B2	airGround	A+ 0 A	ident	{CJT915  } 4 A	alt	22825 0 A	position	{39.68413 -84.24639 8 186} 0 A	alt_gnss	23475 0 A	vrate	2560 0 A	speed	445.7 0 A	track	43.0 0 A	nav_alt_mcp	32992 1 A	nav_heading	47.1 1 A	nav_qnh	1013.6 1 A
_v	7E	clock	1622766293	hexid	A6893C	airGround	A+ 0 A	squawk	1344 0 A	ident	{JIA5256 } 5 A	alt	24425 0 A	position	{39.88656 -84.48517 8 186} 0 A	alt_gnss	25225 1 A	vrate_geom	1216 1 A	speed	445.9 1 A	track	150.7 1 A	nav_alt_mcp	31008 2 A	nav_qnh	1012.8 2 A	emergency	none 0 A
_v	7E	clock	1622766293	hexid	C044B2	airGround	A+ 0 A	squawk	1462 9 A	ident	{CJT915  } 3 A	alt	23275 0 A	position	{39.69956 -84.22778 8 186} 0 A	alt_gnss	23925 0 A	vrate	2752 0 A	speed	447.2 0 A	track	43.0 0 A	nav_alt_mcp	32992 1 A	nav_heading	47.1 1 A	nav_qnh	1013.6 1 A	emergency	none 9 A
_v	7E	clock	1622766294	hexid	AC85CE	addrtype	adsb_icao	adsb_version	2	nac_p	9 20 A	sil	3 20 A	sil_type	perhour 20 A	nic_baro	1 20 A	airGround	A+ 20 A	alt	14500 13 U
_v	7E	clock	1622766303	hexid	A6893C	airGround	A+ 0 A	squawk	1344 10 A	ident	{JIA5256 } 0 A	alt	24650 0 A	position	{39.86728 -84.47113 8 186} 0 A	alt_gnss	25475 0 A	vrate_geom	1280 0 A	speed	447.3 0 A	track	150.7 0 A	nav_alt_mcp	31008 1 A	nav_qnh	1012.8 1 A	emergency	none 10 A
_v	7E	clock	1622766303	hexid	C044B2	airGround	A+ 0 A	squawk	1462 0 A	ident	{CJT915  } 3 A	alt	23700 0 A	position	{39.71471 -84.20943 8 186} 0 A	alt_gnss	24350 0 A	vrate	2368 0 A	speed	448.5 0 A	track	43.2 0 A	nav_alt_mcp	32992 2 A	nav_heading	47.1 2 A	nav_qnh	1013.6 2 A	emergency	none 0 A
_v	7E	clock	1622766310	hexid	ABEFDD	airGround	A+ 0 A	squawk	7435 11 A	alt	36000 1 A	position	{38.92326 -84.97485 8 186} 1 A	alt_gnss	36925 3 A	vrate	0 3 A	speed	471.2 3 A	track	198.1 3 A	nav_alt_mcp	36000 0 A	nav_heading	199.7 0 A	nav_qnh	1013.6 0 A	emergency	none 11 A
_v	7E	clock	1622766312	hexid	A6893C	airGround	A+ 0 A	squawk	1344 4 A	ident	{JIA5256 } 5 A	alt	24850 0 A	position	{39.84924 -84.45799 8 186} 0 A	alt_gnss	25675 0 A	vrate_geom	1280 1 A	speed	448.2 1 A	track	150.7 1 A	nav_alt_mcp	31008 1 A	nav_qnh	1012.8 1 A	emergency	none 4 A
_v	7E	clock	1622766314	hexid	C044B2	airGround	A+ 0 A	squawk	1462 0 A	ident	{CJT915  } 3 A	alt	24075 0 A	position	{39.72931 -84.19171 8 186} 0 A	alt_gnss	24750 0 A	vrate	2304 0 A	speed	451.4 0 A	track	43.0 0 A	nav_alt_mcp	32992 2 A	nav_heading	47.1 2 A	nav_qnh	1013.6 2 A	emergency	none 0 A
_v	7E	clock	1622766316	hexid	AC85CE	squawk	1260 0 U
_v	7E	clock	1622766323	hexid	A6893C	airGround	A+ 0 A	squawk	1344 9 A	ident	{JIA5256 } 0 A	alt	25050 0 A	position	{39.83148 -84.44504 8 186} 0 A	alt_gnss	25900 0 A	vrate_geom	1216 0 A	speed	449.0 0 A	track	150.8 0 A	nav_alt_mcp	31008 0 A	nav_qnh	1012.8 0 A	emergency	none 9 A
_v	7E	clock	1622766323	hexid	C044B2	airGround	A+ 0 A	squawk	1462 0 A	ident	{CJT915  } 4 A	alt	24475 0 A	position	{39.74528 -84.17249 8 186} 0 A	alt_gnss	25150 0 A	vrate	2112 0 A	speed	454.2 0 A	track	43.0 0 A	nav_alt_mcp	32992 2 A	nav_heading	47.1 2 A	nav_qnh	1013.6 2 A	emergency	none 0 A
_v	7E	clock	1622766333	hexid	AC85CE	airGround	A+ 0 S
_v	7E	clock	1622766333	hexid	A6893C	airGround	A+ 0 A	squawk	1344 4 A	ident	{JIA5256 } 0 A	alt	25250 0 A	position	{39.81310 -84.43170 8 186} 0 A	alt_gnss	26125 0 A	vrate_geom	1216 0 A	speed	450.4 0 A	track	150.8 0 A	nav_alt_mcp	31008 0 A	nav_qnh	1012.8 0 A	emergency	none 4 A
_v	7E	clock	1622766333	hexid	C044B2	airGround	A+ 0 A	ident	{CJT915  } 3 A	alt	24800 0 A	position	{39.76071 -84.15384 8 186} 0 A	alt_gnss	25525 0 A	vrate	2048 0 A	speed	457.1 0 A	track	42.9 0 A	nav_alt_mcp	32992 1 A	nav_heading	47.1 1 A	nav_qnh	1013.6 1 A
_v	7E	clock	1622766341	hexid	ABEFDD	airGround	A+ 5 A	squawk	7435 21 A	ident	{SWA312  } 29 A	alt	36000 0 U	position	{38.90469 -84.98259 8 186} 23 A	alt_gnss	36925 5 A	vrate	0 5 A	speed	469.9 5 A	track	198.0 5 A	nav_alt_mcp	36000 22 A	nav_heading	199.7 22 A	nav_qnh	1013.6 22 A	emergency	none 21 A
_v	7E	clock	1622766342	hexid	A6893C	airGround	A+ 0 A	squawk	1344 9 A	ident	{JIA5256 } 0 A	alt	25450 0 A	position	{39.79527 -84.41870 8 186} 0 A	alt_gnss	26325 0 A	vrate_geom	1216 0 A	speed	451.7 0 A	track	150.7 0 A	nav_alt_mcp	31008 4 A	nav_qnh	1012.8 4 A	emergency	none 9 A
_v	7E	clock	1622766344	hexid	C044B2	airGround	A+ 0 A	squawk	1462 0 A	ident	{CJT915  } 4 A	alt	25125 0 A	position	{39.77632 -84.13509 8 186} 0 A	alt_gnss	25825 0 A	vrate	1728 0 A	speed	460.6 0 A	track	43.0 0 A	nav_alt_mcp	32992 1 A	nav_heading	47.1 1 A	nav_qnh	1013.6 1 A	emergency	none 0 A
_v	7E	clock	1622766348	hexid	C044B2	datalink_caps	10030A80F50000
_v	7E	clock	1622766348	hexid	AAFFA2	addrtype	adsb_icao	adsb_version	0	nac_p	8 0 A	nac_v	1 0 A	sil	2 0 A	sil_type	unknown 0 A	nic_baro	1 0 A	airGround	A+ 0 A	alt	41000 0 A	alt_gnss	41975 0 A	vrate_geom	-128 0 A	speed	508.0 0 A	track	90.7 0 A	nav_alt_mcp	40992 0 A	nav_heading	89.3 0 A	nav_modes	{autopilot vnav lnav tcas} 0 A	nav_qnh	1012.8 0 A
_v	7E	clock	1622766352	hexid	A6893C	airGround	A+ 0 A	squawk	1344 4 A	ident	{JIA5256 } 4 A	alt	25650 0 A	position	{39.77719 -84.40557 8 186} 0 A	alt_gnss	26525 0 A	vrate_geom	1216 0 A	speed	453.1 0 A	track	150.7 0 A	nav_alt_mcp	31008 1 A	nav_qnh	1012.8 1 A	emergency	none 4 A
_v	7E	clock	1622766353	hexid	C044B2	airGround	A+ 0 A	squawk	1462 0 A	ident	{CJT915  } 3 A	alt	25375 0 A	position	{39.79189 -84.11628 8 186} 0 A	alt_gnss	26100 0 A	vrate	1472 0 A	speed	466.3 0 A	track	43.0 0 A	nav_alt_mcp	32992 4 A	nav_heading	47.1 4 A	nav_qnh	1013.6 4 A	emergency	none 0 A
_v	7E	clock	1622766360	hexid	AAFFA2	category	A5	nac_p	9 1 A	sil	3 1 A	airGround	A+ 0 A	ident	{AAL1585 } 0 A	alt	40975 3 A	position	{40.51288 -84.98418 8 186} 3 A	alt_gnss	41950 3 A	vrate_geom	-64 1 A	speed	508.0 1 A	track	90.8 1 A	nav_alt_mcp	40992 1 A	nav_heading	89.3 1 A	nav_modes	{autopilot vnav lnav tcas} 1 A	nav_qnh	1012.8 1 A
_v	7E	clock	1622766338	hexid	AC85CE	airGround	A+ 0 S
_v	7E	clock	1622766363	hexid	A6893C	airGround	A+ 0 A	squawk	1344 4 A	ident	{JIA5256 } 0 A	alt	25850 0 A	position	{39.75799 -84.39160 8 186} 0 A	alt_gnss	26750 0 A	vrate_geom	1216 0 A	speed	453.5 0 A	track	150.8 0 A	nav_alt_mcp	31008 0 A	nav_qnh	1012.8 0 A	emergency	none 4 A
_v	7E	clock	1622766363	hexid	C044B2	airGround	A+ 0 A	alt	25675 0 A	position	{39.80740 -84.09748 8 186} 0 A	alt_gnss	26325 2 A	vrate	1920 2 A	speed	469.1 2 A	track	43.0 2 A	nav_alt_mcp	32992 1 A	nav_heading	47.1 1 A	nav_qnh	1013.6 1 A
_v	7E	clock	1622766359	hexid	ABEFDD	airGround	A+ 0 S	alt	36000 18 U
_v	7E	clock	1622766372	hexid	AC85CE	airGround	A+ 0 A	alt	17900 0 A	position	{39.24449 -85.34586 8 186} 0 A
_v	7E	clock	1622766373	hexid	A6893C	airGround	A+ 0 A	squawk	1344 4 A	ident	{JIA5256 } 0 A	alt	26050 0 A	position	{39.74016 -84.37870 8 186} 0 A	alt_gnss	26950 0 A	vrate_geom	1280 0 A	speed	454.9 0 A	track	150.8 0 A	nav_alt_mcp	31008 1 A	nav_qnh	1012.8 1 A	emergency	none 4 A
_v	7E	clock	1622766371	hexid	C044B2	airGround	A+ 0 A	ident	{CJT915  } 1 A	alt	25925 0 A	position	{39.81971 -84.08264 8 186} 0 A	alt_gnss	26675 0 A	vrate	2048 1 A	speed	472.0 1 A	track	42.9 1 A	nav_alt_mcp	32992 1 A	nav_heading	47.1 1 A	nav_qnh	1013.6 1 A
_v	7E	clock	1622766375	hexid	AC85CE	category	A3	airGround	A+ 0 A	ident	{DAL1180 } 0 A
_v	7E	clock	1622766376	hexid	AC85CE	nac_v	1 1 A	airGround	A+ 0 A	ident	{DAL1180 } 1 A	alt	17975 1 A	position	{39.24577 -85.35419 8 186} 1 A	alt_gnss	18500 1 A	vrate	1280 1 A	speed	395.8 1 A	track	281.4 1 A	nav_alt_mcp	28992 0 A	nav_heading	289.0 0 A	nav_qnh	1013.6 0 A
_v	7E	clock	1622766380	hexid	AC85CE	airGround	A+ 0 A	squawk	6626 0 A	ident	{DAL1180 } 0 A	alt	18050 1 A	position	{39.24707 -85.36230 8 186} 1 A	alt_gnss	18575 0 A	vrate	1408 0 A	speed	398.9 0 A	track	281.4 0 A	emergency	none 0 A
_v	7E	clock	1622766383	hexid	A6893C	airGround	A+ 0 A	squawk	1344 4 A	ident	{JIA5256 } 0 A	alt	26250 0 A	position	{39.72180 -84.36545 8 186} 0 A	alt_gnss	27150 0 A	vrate_geom	1280 0 A	speed	455.7 0 A	track	150.8 0 A	nav_alt_mcp	31008 0 A	nav_qnh	1012.8 0 A	emergency	none 4 A
_v	7E	clock	1622766383	hexid	C044B2	airGround	A+ 0 A	squawk	1462 0 A	ident	{CJT915  } 3 A	alt	26300 0 A	position	{39.83833 -84.06012 8 186} 0 A	alt_gnss	27050 0 A	vrate	1920 0 A	speed	474.7 0 A	track	43.0 0 A	nav_alt_mcp	32992 1 A	nav_heading	47.1 1 A	nav_qnh	1013.6 1 A	emergency	none 0 A
_v	7E	clock	1622766384	hexid	AAFFA2	ident	{AAL1585 } 24 A	alt	40975 23 A	position	{40.51274 -84.97063 8 186} 23 A	alt_gnss	41950 23 A	vrate_geom	-64 23 A	speed	508.0 23 A	track	90.8 23 A	nav_alt_mcp	40992 21 A	nav_heading	89.3 21 A	nav_modes	{autopilot vnav lnav tcas} 21 A	nav_qnh	1012.8 21 A
_v	7E	clock	1622766390	hexid	AC85CE	airGround	A+ 1 A	alt	18300 1 A	position	{39.25072 -85.38544 8 186} 1 A	alt_gnss	18850 1 A	vrate	1536 1 A	speed	402.0 1 A	track	281.5 1 A	nav_alt_mcp	28992 1 A	nav_heading	289.0 1 A	nav_qnh	1013.6 1 A
_v	7E	clock	1622766393	hexid	A6893C	airGround	A+ 0 A	squawk	1344 4 A	ident	{JIA5256 } 0 A	alt	26450 0 A	position	{39.70319 -84.35199 8 186} 0 A	alt_gnss	27350 0 A	vrate_geom	1216 0 A	speed	456.2 0 A	track	150.7 0 A	nav_alt_mcp	31008 0 A	nav_qnh	1012.8 0 A	emergency	none 4 A
_v	7E	clock	1622766392	hexid	C044B2	airGround	A+ 0 A	squawk	1462 0 A	ident	{CJT915  } 2 A	alt	26600 0 A	position	{39.85387 -84.04135 8 186} 0 A	alt_gnss	27375 0 A	vrate	1856 0 A	speed	477.6 0 A	track	43.0 0 A	nav_alt_mcp	32992 0 A	nav_heading	47.1 0 A	nav_qnh	1013.6 0 A	emergency	none 0 A
_v	7E	clock	1622766395	hexid	AA6988	addrtype	adsb_icao	adsb_version	0	nac_p	8 28 A	sil	2 28 A	sil_type	unknown 28 A	airGround	A+ 0 S	alt	11925 28 A
_v	7E	clock	1622766387	hexid	A2DD2A	addrtype	adsb_icao	adsb_version	0	nac_p	8 15 A	nac_v	1 10 A	sil	2 15 A	sil_type	unknown 15 A	airGround	A+ 10 A	alt	10925 0 U	alt_gnss	10325 10 A	vrate	3456 10 A	speed	302.0 10 A	track	223.8 10 A
_v	7E	clock	1622766401	hexid	AC85CE	airGround	A+ 0 A	ident	{DAL1180 } 1 A	alt	18575 1 A	position	{39.25479 -85.41118 8 186} 1 A	alt_gnss	19125 1 A	vrate	1664 0 A	speed	406.2 0 A	track	281.5 0 A
_v	7E	clock	1622766403	hexid	A6893C	airGround	A+ 0 A	squawk	1344 4 A	ident	{JIA5256 } 0 A	alt	26650 0 A	position	{39.68471 -84.33868 8 186} 0 A	alt_gnss	27550 0 A	vrate_geom	1216 0 A	speed	457.0 0 A	track	151.1 0 A	nav_alt_mcp	31008 0 A	nav_qnh	1012.8 0 A	emergency	none 4 A
_v	7E	clock	1622766400	hexid	C044B2	airGround	A+ 2 A	alt	26775 2 A	position	{39.86357 -84.02959 8 186} 2 A	alt_gnss	27550 2 A	vrate	1856 2 A	speed	479.0 2 A	track	43.1 2 A	nav_alt_mcp	32992 6 A	nav_heading	47.1 6 A	nav_qnh	1013.6 6 A
_v	7E	clock	1622766411	hexid	AC85CE	airGround	A+ 0 A	squawk	6626 0 A	ident	{DAL1180 } 1 A	alt	18925 0 A	position	{39.25891 -85.43715 8 186} 0 A	alt_gnss	19425 2 A	vrate	1920 2 A	speed	408.3 2 A	track	281.6 2 A	nav_alt_mcp	28992 1 A	nav_heading	289.0 1 A	nav_qnh	1013.6 1 A	emergency	none 0 A
_v	7E	clock	1622766413	hexid	A6893C	airGround	A+ 0 A	squawk	1344 4 A	ident	{JIA5256 } 0 A	alt	26850 0 A	position	{39.66605 -84.32526 8 186} 0 A	alt_gnss	27775 0 A	vrate_geom	1280 0 A	speed	457.1 0 A	track	150.8 0 A	nav_alt_mcp	31008 0 A	nav_qnh	1012.8 0 A	emergency	none 4 A
_v	7E	clock	1622766414	hexid	C044B2	airGround	A+ 2 A	ident	{CJT915  } 3 A	alt	27250 3 A	position	{39.88340 -84.00555 8 186} 3 A	alt_gnss	28000 3 A	vrate	2624 2 A	speed	480.4 2 A	track	43.1 2 A	nav_alt_mcp	32992 2 A	nav_heading	47.1 2 A	nav_qnh	1013.6 2 A
_v	7E	clock	1622766410	hexid	AAFFA2	airGround	A+ 0 S
_v	7E	clock	1622766421	hexid	AC85CE	airGround	A+ 0 A	squawk	6626 0 A	alt	19200 0 A	position	{39.26276 -85.46127 8 186} 0 A	alt_gnss	19775 0 A	vrate	1664 0 A	speed	411.3 0 A	track	281.5 0 A	nav_alt_mcp	28992 4 A	nav_heading	289.0 4 A	nav_qnh	1013.6 4 A	emergency	none 0 A
_v	7E	clock	1622766422	hexid	A6893C	airGround	A+ 0 A	squawk	1344 3 A	ident	{JIA5256 } 0 A	alt	27050 0 A	position	{39.64775 -84.31201 8 186} 0 A	alt_gnss	27975 0 A	vrate_geom	1280 0 A	speed	458.0 0 A	track	150.9 0 A	nav_alt_mcp	31008 0 A	nav_qnh	1012.8 0 A	emergency	none 3 A
_v	7E	clock	1622766424	hexid	C044B2	airGround	A+ 0 A	squawk	1462 0 A	alt	27850 0 A	position	{39.90509 -83.97925 8 186} 0 A	alt_gnss	28650 0 A	vrate	2752 0 A	speed	479.0 0 A	track	43.1 0 A	nav_alt_mcp	32992 7 A	nav_heading	47.1 7 A	nav_qnh	1013.6 7 A	emergency	none 0 A
_v	7E	clock	1622766421	hexid	AA6988	airGround	A+ 0 S
_v	7E	clock	1622766431	hexid	AC85CE	airGround	A+ 0 A	ident	{DAL1180 } 1 A	alt	19525 0 A	position	{39.26660 -85.48563 8 186} 0 A	alt_gnss	20125 0 A	vrate	2176 0 A	speed	413.2 0 A	track	281.4 0 A	nav_alt_mcp	28992 1 A	nav_heading	289.0 1 A	nav_qnh	1013.6 1 A
_v	7E	clock	1622766433	hexid	A6893C	airGround	A+ 0 A	squawk	1344 4 A	ident	{JIA5256 } 0 A	alt	27250 0 A	position	{39.62890 -84.29840 8 186} 0 A	alt_gnss	28175 0 A	vrate_geom	1216 0 A	speed	458.5 0 A	track	150.8 0 A	nav_alt_mcp	31008 0 A	nav_qnh	1012.8 0 A	emergency	none 4 A
_v	7E	clock	1622766433	hexid	C044B2	airGround	A+ 0 A	squawk	1462 0 A	ident	{CJT915  } 4 A	alt	28325 0 A	position	{39.92124 -83.95966 8 186} 0 A	alt_gnss	29150 0 A	vrate	2816 0 A	speed	476.8 0 A	track	43.1 0 A	nav_alt_mcp	32992 4 A	nav_heading	47.1 4 A	nav_qnh	1013.6 4 A	emergency	none 0 A
_v	7E	clock	1622766440	hexid	AC85CE	airGround	A+ 0 A	squawk	6626 0 A	alt	19800 1 A	position	{39.26971 -85.50564 8 186} 1 A	alt_gnss	20400 1 A	vrate	1984 1 A	speed	413.2 1 A	track	281.4 1 A	nav_alt_mcp	28992 1 A	nav_heading	289.0 1 A	nav_qnh	1013.6 1 A	emergency	none 0 A
_v	7E	clock	1622766443	hexid	A6893C	airGround	A+ 0 A	squawk	1344 4 A	ident	{JIA5256 } 0 A	alt	27450 0 A	position	{39.61057 -84.28520 8 186} 0 A	alt_gnss	28400 0 A	vrate_geom	1280 0 A	speed	458.0 0 A	track	150.9 0 A	nav_alt_mcp	31008 0 A	nav_qnh	1012.8 0 A	emergency	none 4 A
_v	7E	clock	1622766446	hexid	AB385E	addrtype	adsb_icao	adsb_version	0	nac_p	9 0 A	nac_v	1 0 A	sil	3 0 A	sil_type	unknown 0 A	nic_baro	1 0 A	airGround	A+ 0 A	alt	37825 0 A	position	{40.07899 -84.03992 8 186} 0 A	alt_gnss	38700 0 A	vrate	2304 0 A	speed	472.4 0 A	track	188.6 0 A	nav_alt_mcp	39008 0 A	nav_qnh	1012.8 0 A
_v	7E	clock	1622766449	hexid	AB385E	es_op_status	F82300020049B8
_v	7E	clock	1622766448	hexid	AC85CE	airGround	A+ 5 A	alt	19925 5 A	position	{39.27124 -85.51532 8 186} 5 A	alt_gnss	20500 6 A	vrate	1856 6 A	speed	414.2 6 A	track	281.4 6 A
_v	7E	clock	1622766453	hexid	A6893C	airGround	A+ 0 A	squawk	1344 4 A	ident	{JIA5256 } 0 A	alt	27650 0 A	position	{39.59239 -84.27206 8 186} 0 A	alt_gnss	28575 0 A	vrate_geom	1280 0 A	speed	458.5 0 A	track	150.8 0 A	nav_alt_mcp	31008 0 A	nav_qnh	1012.8 0 A	emergency	none 4 A
_v	7E	clock	1622766453	hexid	AB385E	adsb_version	2	category	A3	sil_type	perhour 0 A	airGround	A+ 0 A	ident	{AAL647  } 0 A	alt	38125 0 A	position	{40.06267 -84.04310 8 186} 0 A	alt_gnss	39025 0 A	vrate	2304 0 A	speed	467.1 0 A	track	188.5 0 A	nav_alt_mcp	39008 0 A	nav_qnh	1012.8 0 A
_v	7E	clock	1622766453	hexid	AA6988	nac_v	1 1 A	airGround	A+ 1 A	alt_gnss	12275 1 A	vrate	-768 1 A	speed	294.7 1 A	track	32.0 1 A
_v	7E	clock	1622766459	hexid	AAFFA2	airGround	A+ 0 S
_v	7E	clock	1622766463	hexid	A6893C	airGround	A+ 0 A	squawk	1344 4 A	ident	{JIA5256 } 0 A	alt	27875 0 A	position	{39.57368 -84.25861 8 186} 0 A	alt_gnss	28800 0 A	vrate_geom	1216 0 A	speed	458.8 0 A	track	150.9 0 A	nav_alt_mcp	31008 0 A	nav_qnh	1012.8 0 A	emergency	none 4 A
_v	7E	clock	1622766464	hexid	AB385E	airGround	A+ 0 A	ident	{AAL647  } 0 A	alt	38300 5 A	position	{40.05182 -84.04522 8 186} 5 A	alt_gnss	39050 8 A	vrate	2240 8 A	speed	466.1 8 A	track	188.5 8 A	nav_alt_mcp	39008 0 A	nav_qnh	1012.8 0 A
_v	7E	clock	1622766435	hexid	C044B2	airGround	A+ 1 A	alt	28350 1 A	position	{39.92271 -83.95789 8 186} 1 A	alt_gnss	29125 1 A	vrate	2816 1 A	speed	476.8 1 A	track	43.1 1 A	nav_alt_mcp	32992 1 A	nav_heading	47.1 1 A	nav_qnh	1013.6 1 A
_v	7E	clock	1622766472	hexid	A6893C	airGround	A+ 3 A	squawk	1344 8 A	ident	{JIA5256 } 4 A	alt	27975 4 A	position	{39.56293 -84.25085 8 186} 4 A	alt_gnss	28875 6 A	vrate_geom	1280 7 A	speed	458.0 7 A	track	150.9 7 A	nav_alt_mcp	31008 3 A	nav_qnh	1012.8 3 A	emergency	none 8 A
_v	7E	clock	1622766473	hexid	AB385E	airGround	A+ 0 A	ident	{AAL647  } 0 A	alt	38700 0 A	position	{40.02081 -84.05127 8 186} 0 A	alt_gnss	39575 1 A	vrate	1024 1 A	speed	460.1 1 A	track	188.5 1 A	nav_alt_mcp	39008 0 A	nav_qnh	1012.8 0 A
_v	7E	clock	1622766478	hexid	AB385E	airGround	A+ 0 A	squawk	7463 0 A	alt	38750 1 A	position	{40.01281 -84.05284 8 186} 1 A	alt_gnss	39650 1 A	vrate	896 0 A	speed	460.1 0 A	track	188.5 0 A	emergency	none 0 A
_v	7E	clock	1622766483	hexid	A6893C	airGround	A+ 0 A	alt	28225 0 A	position	{39.53737 -84.23242 8 186} 0 A	alt_gnss	29175 0 A	vrate_geom	1024 0 A	speed	459.7 0 A	track	151.0 0 A
_v	7E	clock	1622766486	hexid	AA6988	airGround	A+ 11 A	alt	10475 11 A
_v	7E	clock	1622766482	hexid	AB385E	airGround	A+ 2 A	alt	38800 2 A	position	{40.00648 -84.05402 8 186} 2 A	alt_gnss	39675 2 A	vrate	896 3 A	speed	460.1 3 A	track	188.5 3 A	nav_alt_mcp	39008 3 A	nav_qnh	1012.8 3 A
_v	7E	clock	1622766477	hexid	AAFFA2	airGround	A+ 0 S
_v	7E	clock	1622766490	hexid	A6893C	airGround	A+ 0 A	alt	28375 0 A	position	{39.52248 -84.22168 8 186} 0 A	alt_gnss	29325 0 A	vrate_geom	1024 0 A	speed	460.2 0 A	track	150.9 0 A	nav_alt_mcp	31008 2 A	nav_qnh	1012.8 2 A
_v	7E	clock	1622766498	hexid	AB385E	airGround	A+ 0 A	squawk	7463 1 A	alt	38975 1 A	position	{39.97014 -84.06116 8 186} 1 A	alt_gnss	39875 1 A	vrate	192 0 A	speed	461.2 0 A	track	188.6 0 A	emergency	none 1 A
_v	7E	clock	1622766498	hexid	AA6988	airGround	A+ 0 A	alt	10025 0 A	position	{39.41015 -84.39099 8 186} 0 A	alt_gnss	10350 0 A	vrate	-1152 1 A	speed	277.5 1 A	track	31.7 1 A
_v	7E	clock	1622766500	hexid	AA6988	nac_p	9 0 A	sil	3 0 A	nic_baro	1 0 A	airGround	A+ 0 A	alt	10000 1 A	position	{39.41136 -84.39008 8 186} 1 A	alt_gnss	10325 1 A	vrate	-960 1 A	speed	276.1 1 A	track	31.7 1 A	nav_alt_mcp	10016 0 A	nav_heading	37.3 0 A	nav_modes	{vnav tcas} 0 A	nav_qnh	1016.8 0 A
_v	7E	clock	1622766503	hexid	AA6988	nac_p	8 0 A	sil	2 0 A	airGround	A+ 0 A	squawk	1652 0 A	alt	9950 0 A	position	{39.41574 -84.38658 8 186} 0 A	alt_gnss	10250 0 A	vrate	-832 2 A	speed	276.1 2 A	track	31.7 2 A	nav_alt_mcp	10016 1 A	nav_heading	37.3 1 A	nav_modes	{vnav tcas} 1 A	nav_qnh	1016.8 1 A	emergency	none 0 A
_v	7E	clock	1622766505	hexid	ADC1EF	addrtype	adsb_icao	adsb_version	0	nac_p	9 0 A	nac_v	1 0 A	sil	3 0 A	sil_type	unknown 0 A	nic_baro	1 0 A	airGround	A+ 0 A	alt	35025 1 A	alt_gnss	36000 0 A	vrate	-64 0 A	speed	456.1 0 A	track	39.5 0 A	nav_alt_mcp	35008 0 A	nav_heading	38.0 0 A	nav_qnh	1013.6 0 A
_v	7E	clock	1622766507	hexid	AA6988	airGround	A+ 0 A	squawk	1652 4 A	alt	9950 2 A	position	{39.41872 -84.38420 8 186} 2 A	alt_gnss	10250 0 A	vrate	-320 0 A	speed	276.1 0 A	track	31.7 0 A	emergency	none 4 A
_v	7E	clock	1622766496	hexid	A8DD7B	addrtype	adsb_icao	airGround	A+ 0 S	alt	37000 11 U
_v	7E	clock	1622766511	hexid	AB385E	airGround	A+ 0 A	squawk	7463 4 A	ident	{AAL647  } 7 A	alt	39000 0 A	position	{39.94177 -84.06670 8 186} 0 A	alt_gnss	39925 0 A	vrate	0 1 A	speed	463.0 1 A	track	188.4 1 A	nav_alt_mcp	39008 0 A	nav_qnh	1012.8 0 A	emergency	none 4 A
_v	7E	clock	1622766511	hexid	AA6988	airGround	A+ 0 A	alt	9900 0 A	position	{39.42549 -84.37876 8 186} 0 A
_v	7E	clock	1622766518	hexid	AA6988	airGround	A+ 0 A	alt_gnss	10200 1 A	vrate	64 0 A	speed	278.9 0 A	track	31.8 0 A
_v	7E	clock	1622766517	hexid	AAFFA2	airGround	A+ 0 S
_v	7E	clock	1622766521	hexid	AC006D	es_op_status	F8230006004AB8
_v	7E	clock	1622766521	hexid	AC006D	addrtype	adsb_icao	adsb_version	2	nac_p	10 0 A	nac_v	2 1 A	sil	3 0 A	sil_type	perhour 0 A	nic_baro	1 0 A	airGround	A+ 0 A	alt	25025 0 A	alt_gnss	25775 0 A	vrate	1536 1 A	speed	395.4 1 A	track	281.8 1 A	nav_alt_mcp	35008 0 A	nav_heading	291.1 0 A	nav_qnh	1013.6 0 A
_v	7E	clock	1622766497	hexid	A6893C	airGround	A+ 0 A	vrate_geom	1024 0 A	speed	461.1 0 A	track	150.9 0 A
_v	7E	clock	1622766524	hexid	AA6988	category	A4	nac_p	9 0 A	sil	3 0 A	airGround	A+ 0 A	squawk	1652 1 A	ident	{FDX1474 } 0 A	alt	9900 0 A	position	{39.43975 -84.36737 8 186} 0 A	alt_gnss	10200 3 A	vrate	64 3 A	speed	278.9 3 A	track	31.8 3 A	nav_alt_mcp	10016 0 A	nav_heading	37.3 0 A	nav_modes	{vnav tcas} 0 A	nav_qnh	1016.8 0 A	emergency	none 1 A
_v	7E	clock	1622766530	hexid	AC006D	airGround	A+ 1 A	alt	25200 1 A	position	{40.15100 -84.29779 8 186} 1 A	alt_gnss	25825 5 A	vrate	1472 6 A	speed	395.4 6 A	track	281.8 6 A	nav_alt_mcp	35008 5 A	nav_heading	291.1 5 A	nav_qnh	1013.6 5 A
_v	7E	clock	1622766533	hexid	AA6988	es_op_status	F83300020049B8
_v	7E	clock	1622766523	hexid	ADC1EF	nac_p	8 0 A	sil	2 0 A	airGround	A+ 0 A	alt	35025 0 A	alt_gnss	36000 0 A	vrate	0 11 A	speed	456.1 11 A	track	39.5 11 A	nav_alt_mcp	35008 18 A	nav_heading	38.0 18 A	nav_qnh	1013.6 18 A
_v	7E	clock	1622766535	hexid	AA6988	adsb_version	2	sil_type	perhour 1 A	airGround	A+ 0 A	alt	9900 0 A	position	{39.45081 -84.35858 8 186} 0 A	alt_gnss	10200 3 A	vrate	0 3 A	speed	278.4 3 A	track	31.6 3 A	nav_alt_mcp	10016 2 A	nav_heading	37.3 2 A	nav_modes	{vnav tcas} 2 A	nav_qnh	1016.8 2 A
_v	7E	clock	1622766538	hexid	ABDD63	addrtype	adsb_icao	adsb_version	0	nac_v	2 12 A	airGround	A+ 12 A	alt	20125 0 U	alt_gnss	20750 0 U	vrate	1600 12 A	speed	372.2 12 A	track	235.8 12 A
_v	7E	clock	1622766537	hexid	AA6988	airGround	A+ 0 A	alt	9900 1 A	position	{39.45190 -84.35774 8 186} 1 A	nav_alt_mcp	10016 0 A	nav_heading	0.0 0 A	nav_modes	{vnav tcas} 0 A	nav_qnh	1016.8 0 A
_v	7E	clock	1622766517	hexid	A8DD7B	alt	112000 0 U
_v	7E	clock	1622766541	hexid	AB385E	airGround	A+ 3 A	squawk	7463 16 U	ident	{AAL647  } 7 A	alt	39000 3 A	position	{39.88493 -84.07745 8 186} 3 A	alt_gnss	39925 9 A	vrate	64 9 A	speed	463.9 9 A	track	188.3 9 A	nav_alt_mcp	39008 7 A	nav_qnh	1012.8 7 A
_v	7E	clock	1622766539	hexid	AC006D	airGround	A+ 0 A	alt	25475 0 A	position	{40.15517 -84.32406 8 186} 0 A	alt_gnss	25950 3 A	vrate	1344 3 A	speed	397.1 3 A	track	281.6 3 A
_v	7E	clock	1622766545	hexid	AA6988	airGround	A+ 0 A	alt	9900 0 A	position	{39.46179 -84.34998 8 186} 0 A	alt_gnss	10200 0 A	vrate	0 0 A	speed	277.7 0 A	track	31.0 0 A	nav_alt_mcp	4000 0 A	nav_heading	0.0 0 A	nav_modes	{vnav tcas} 0 A	nav_qnh	1016.8 0 A
_v	7E	clock	1622766524	hexid	AAFFA2	airGround	A+ 0 S	alt	41000 0 U
_v	7E	clock	1622766549	hexid	ABDD63	nac_p	8 0 A	sil	2 0 A	sil_type	unknown 0 A	airGround	A+ 0 A	alt	20475 0 A	position	{39.74849 -83.89554 8 186} 0 A	alt_gnss	21075 1 A
_v	7E	clock	1622766553	hexid	AA6988	airGround	A+ 6 A	vrate	-128 6 A	speed	277.1 6 A	track	29.2 6 A
_v	7E	clock	1622766558	hexid	AC006D	airGround	A+ 0 S	alt	25900 0 U
_v	7E	clock	1622766559	hexid	ADC1EF	airGround	A+ 0 S
_v	7E	clock	1622766567	hexid	ABDD63	alt	20950 0 U
_v	7E	clock	1622766568	hexid	AC006D	airGround	A+ 0 A	alt	26125 0 A	position	{40.16574 -84.39079 8 186} 0 A	alt_gnss	26900 0 A	vrate	1280 0 A	speed	402.2 0 A	track	281.6 0 A
_v	7E	clock	1622766571	hexid	AB385E	airGround	A+ 0 A	alt	39000 0 A	position	{39.81324 -84.09113 8 186} 0 A	alt_gnss	39950 0 A	vrate	-64 0 A	speed	460.1 0 A	track	188.5 0 A	nav_alt_mcp	39008 0 A	nav_qnh	1012.8 0 A
_v	7E	clock	1622766572	hexid	ABDD63	category	A3	airGround	A+ 0 A	ident	{ASH6154 } 0 A	alt	21075 0 A	position	{39.72698 -83.93665 8 186} 0 A
_v	7E	clock	1622766574	hexid	AA6988	airGround	A+ 0 S
_v	7E	clock	1622766577	hexid	AC006D	airGround	A+ 0 A	alt	26350 0 A	position	{40.16951 -84.41476 8 186} 0 A	alt_gnss	27125 0 A	vrate	1280 5 A	speed	403.2 5 A	track	281.6 5 A	nav_alt_mcp	35008 8 A	nav_heading	291.1 8 A	nav_qnh	1013.6 8 A
_v	7E	clock	1622766578	hexid	AA6988	airGround	A+ 0 A	vrate	-1728 0 A	speed	270.6 0 A	track	353.8 0 A
_v	7E	clock	1622766581	hexid	ABDD63	airGround	A+ 0 A	alt	21300 0 A	position	{39.71842 -83.95300 8 186} 0 A
_v	7E	clock	1622766589	hexid	ABDD63	nac_p	10 0 A	sil	3 0 A	nic_baro	1 0 A	airGround	A+ 0 A	nav_alt_mcp	34016 0 A	nav_modes	{autopilot tcas} 0 A	nav_qnh	1013.6 0 A
_v	7E	clock	1622766573	hexid	ADC1EF	airGround	A+ 3 A	vrate	0 3 A	speed	456.7 3 A	track	39.6 3 A
_v	7E	clock	1622766595	hexid	AA6988	airGround	A+ 0 A	ident	{FDX1474 } 0 A	alt	8750 0 A	position	{39.52406 -84.34540 8 186} 0 A	alt_gnss	9050 0 A	vrate	-1600 0 A	speed	270.1 0 A	track	352.8 0 A	nav_alt_mcp	4000 0 A	nav_heading	0.0 0 A	nav_modes	{tcas} 0 A	nav_qnh	1016.8 0 A
_v	7E	clock	1622766596	hexid	ABDD63	squawk	7241 0 U
_v	7E	clock	1622766599	hexid	AA6988	airGround	A+ 0 A	squawk	1652 1 A	alt	8625 0 A	position	{39.52917 -84.34622 8 186} 0 A	alt_gnss	8925 1 A	vrate	-1856 1 A	speed	270.1 1 A	track	352.8 1 A	nav_alt_mcp	4000 0 A	nav_heading	0.0 0 A	nav_modes	{tcas} 0 A	nav_qnh	1016.8 0 A	emergency	none 1 A
_v	7E	clock	1622766601	hexid	AB385E	airGround	A+ 0 A	squawk	7463 5 A	ident	{AAL647  } 7 A	alt	39000 0 A	position	{39.74995 -84.10321 8 186} 0 A	alt_gnss	39950 0 A	vrate	-64 0 A	speed	456.7 0 A	track	188.2 0 A	nav_alt_mcp	39008 0 A	nav_qnh	1012.8 0 A	emergency	none 5 A
_v	7E	clock	1622766604	hexid	AA6988	airGround	A+ 0 A	alt	8450 0 A	position	{39.53572 -84.34730 8 186} 0 A
_v	7E	clock	1622766605	hexid	A1F794	addrtype	adsb_icao	adsb_version	0	nac_v	2 11 A	airGround	A+ 11 A	alt	13700 0 U	alt_gnss	14000 0 U	vrate	2624 11 A	speed	389.1 11 A	track	281.7 11 A
_v	7E	clock	1622766613	hexid	ABDD63	airGround	A+ 0 S	squawk	7241 16 U	alt	22025 0 U
_v	7E	clock	1622766619	hexid	AA6988	airGround	A+ 0 A	alt	7975 0 A	position	{39.55320 -84.34998 8 186} 0 A
_v	7E	clock	1622766623	hexid	A1F794	nac_p	8 0 A	sil	2 0 A	sil_type	unknown 0 A	airGround	A+ 0 A	alt	14525 0 A	position	{39.23158 -85.08762 8 186} 0 A	alt_gnss	14875 0 A	vrate	2624 2 A	speed	397.7 2 A	track	281.3 2 A
_v	7E	clock	1622766623	hexid	AA6988	airGround	A+ 0 A	alt	7875 2 A	position	{39.55554 -84.35034 8 186} 2 A	alt_gnss	8125 2 A	vrate	-2368 0 A	speed	265.6 0 A	track	353.7 0 A	nav_alt_mcp	4000 2 A	nav_heading	0.0 2 A	nav_modes	{tcas} 2 A	nav_qnh	1016.0 2 A
_v	7E	clock	1622766629	hexid	AA6988	airGround	A+ 0 A	alt	7600 0 A	position	{39.56474 -84.35165 8 186} 0 A	alt_gnss	7925 2 A	vrate	-2368 3 A	speed	265.6 3 A	track	353.7 3 A	nav_alt_mcp	4000 1 A	nav_heading	0.0 1 A	nav_modes	{tcas} 1 A	nav_qnh	1016.0 1 A
_v	7E	clock	1622766628	hexid	AB385E	airGround	A+ 3 A	squawk	7463 12 A	ident	{AAL647  } 24 A	alt	39000 3 A	position	{39.70107 -84.11252 8 186} 3 A	alt_gnss	39950 3 A	vrate	0 3 A	speed	457.1 3 A	track	188.6 3 A	nav_alt_mcp	39008 10 A	nav_qnh	1012.8 10 A	emergency	none 12 A
_v	7E	clock	1622766632	hexid	AA6988	airGround	A+ 0 A	alt	7450 0 A	position	{39.56954 -84.35229 8 186} 0 A
_v	7E	clock	1622766641	hexid	AA6988	airGround	A+ 0 A	alt	7125 0 A	position	{39.58058 -84.35368 8 186} 0 A
_v	7E	clock	1622766643	hexid	AC006D	alt	27750 0 U
_v	7E	clock	1622766645	hexid	AA6988	airGround	A+ 0 A	alt_gnss	7375 3 A	vrate	-2048 0 A	speed	264.1 0 A	track	354.8 0 A
_v	7E	clock	1622766651	hexid	AA6988	airGround	A+ 0 A	squawk	1652 3 A	ident	{FDX1474 } 1 A	alt	6775 0 A	position	{39.59221 -84.35506 8 186} 0 A	alt_gnss	7025 0 A	vrate	-1984 0 A	speed	263.0 0 A	track	355.0 0 A	emergency	none 3 A
_v	7E	clock	1622766654	hexid	AA6988	airGround	A+ 0 A	squawk	1652 0 A	alt	6725 1 A	position	{39.59459 -84.35536 8 186} 1 A	alt_gnss	6950 0 A	vrate	-1984 0 A	speed	263.2 0 A	track	354.5 0 A	nav_alt_mcp	4000 0 A	nav_heading	350.2 0 A	nav_modes	{tcas} 0 A	nav_qnh	1016.0 0 A	emergency	none 0 A
_v	7E	clock	1622766658	hexid	AA6988	airGround	A+ 0 A	ident	{FDX1474 } 3 A	alt	6525 0 A	position	{39.60143 -84.35651 8 186} 0 A	alt_gnss	6750 0 A	vrate	-2048 1 A	speed	262.0 1 A	track	353.0 1 A	nav_alt_mcp	4000 3 A	nav_heading	350.2 3 A	nav_modes	{tcas} 3 A	nav_qnh	1016.0 3 A
_v	7E	clock	1622766637	hexid	A94BFC	addrtype	adsb_icao	adsb_version	0	nac_v	1 2 A	airGround	A+ 2 A	alt	35000 0 U	alt_gnss	35925 0 U	vrate	0 2 A	speed	464.6 2 A	track	82.8 2 A
_v	7E	clock	1622766656	hexid	AB385E	airGround	A+ 0 A	alt	39025 0 A	position	{39.63510 -84.12518 8 186} 0 A	alt_gnss	39975 0 A	vrate	0 0 A	speed	456.0 0 A	track	188.4 0 A
_v	7E	clock	1622766664	hexid	AA6988	airGround	A+ 0 A	alt	6350 0 A	position	{39.60785 -84.35803 8 186} 0 A	alt_gnss	6550 0 A	vrate	-2048 0 A	speed	260.8 0 A	track	348.9 0 A
_v	7E	clock	1622766669	hexid	AA6988	airGround	A+ 0 A	squawk	1652 1 A	ident	{FDX1474 } 4 A	alt	6175 0 A	position	{39.61428 -84.35986 8 186} 0 A	alt_gnss	6375 0 A	vrate	-2048 0 A	speed	259.1 0 A	track	347.5 0 A	nav_alt_mcp	4000 0 A	nav_heading	350.2 0 A	nav_modes	{tcas} 0 A	nav_qnh	1016.0 0 A	emergency	none 1 A
_v	7E	clock	1622766652	hexid	A36994	addrtype	adsb_icao	airGround	A+ 0 S	alt	33975 4 U
_v	7E	clock	1622766653	hexid	AC006D	airGround	A+ 5 A	alt	27825 5 A
_v	7E	clock	1622766674	hexid	AA6988	airGround	A+ 0 A	squawk	1652 1 A	ident	{FDX1474 } 4 A	alt	6000 0 A	position	{39.62005 -84.36157 8 186} 0 A	alt_gnss	6225 0 A	vrate	-2112 0 A	speed	258.8 0 A	track	346.8 0 A	nav_alt_mcp	4000 1 A	nav_heading	350.2 1 A	nav_modes	{tcas} 1 A	nav_qnh	1016.0 1 A	emergency	none 1 A
_v	7E	clock	1622766679	hexid	AA6988	airGround	A+ 0 A	squawk	1652 1 A	ident	{FDX1474 } 4 A	alt	5825 0 A	position	{39.62558 -84.36330 8 186} 0 A	alt_gnss	6025 0 A	vrate	-2240 0 A	speed	258.3 0 A	track	346.3 0 A	nav_alt_mcp	4000 0 A	nav_heading	350.2 0 A	nav_modes	{tcas} 0 A	nav_qnh	1016.0 0 A	emergency	none 1 A
_v	7E	clock	1622766684	hexid	AA6988	airGround	A+ 0 A	squawk	1652 1 A	ident	{FDX1474 } 4 A	alt	5650 0 A	position	{39.63127 -84.36511 8 186} 0 A	alt_gnss	5850 0 A	vrate	-2304 0 A	speed	257.6 0 A	track	346.1 0 A	nav_alt_mcp	4000 0 A	nav_heading	350.2 0 A	nav_modes	{tcas} 0 A	nav_qnh	1016.0 0 A	emergency	none 1 A
_v	7E	clock	1622766689	hexid	AA6988	airGround	A+ 0 A	squawk	1652 1 A	ident	{FDX1474 } 4 A	alt	5450 0 A	position	{39.63725 -84.36706 8 186} 0 A	alt_gnss	5625 0 A	vrate	-2304 0 A	speed	258.5 0 A	track	346.1 0 A	nav_alt_mcp	4000 1 A	nav_heading	350.2 1 A	nav_modes	{tcas} 1 A	nav_qnh	1016.0 1 A	emergency	none 1 A
_v	7E	clock	1622766690	hexid	ABDD63	es_op_status	F8230002004AB8
_v	7E	clock	1622766690	hexid	ABDD63	adsb_version	2	sil_type	perhour 0 A	airGround	A+ 0 A
_v	7E	clock	1622766687	hexid	AB385E	airGround	A+ 0 A	alt	39025 0 U	alt_gnss	39975 0 U	vrate	-64 0 A	speed	454.8 0 A	track	188.3 0 A	nav_alt_mcp	39008 0 A	nav_qnh	1012.8 0 A
_v	7E	clock	1622766694	hexid	AA6988	airGround	A+ 0 A	squawk	1652 1 A	ident	{FDX1474 } 4 A	alt	5225 0 A	position	{39.64343 -84.36903 8 186} 0 A	alt_gnss	5475 0 A	vrate	-2240 0 A	speed	258.8 0 A	track	345.9 0 A	nav_alt_mcp	4000 0 A	nav_heading	350.2 0 A	nav_modes	{tcas} 0 A	nav_qnh	1016.0 0 A	emergency	none 1 A
_v	7E	clock	1622766699	hexid	AA6988	airGround	A+ 0 A	squawk	1652 0 A	ident	{FDX1474 } 4 A	alt	5075 0 A	position	{39.64863 -84.37073 8 186} 0 A	alt_gnss	5300 1 A	vrate	-2240 1 A	speed	257.8 1 A	track	345.9 1 A	nav_alt_mcp	4000 2 A	nav_heading	350.2 2 A	nav_modes	{tcas} 2 A	nav_qnh	1016.0 2 A	emergency	none 0 A
_v	7E	clock	1622766700	hexid	ABDD63	airGround	A+ 0 A	ident	{ASH6154 } 6 A	alt	23750 1 A	position	{39.60013 -84.17778 8 186} 1 A	alt_gnss	24500 0 A	vrate	1344 0 A	speed	395.8 0 A	track	235.7 0 A	nav_alt_mcp	34016 0 A	nav_modes	{autopilot tcas} 0 A	nav_qnh	1013.6 0 A
_v	7E	clock	1622766705	hexid	AA6988	airGround	A+ 0 A	ident	{FDX1474 } 5 A	alt	4825 0 A	position	{39.65627 -84.37323 8 186} 0 A	alt_gnss	4975 0 A	vrate	-1984 0 A	speed	257.8 0 A	track	345.9 0 A
_v	7E	clock	1622766708	hexid	A1F794	airGround	A+ 0 S
_v	7E	clock	1622766708	hexid	A36994	squawk	6451 0 U
_v	7E	clock	1622766706	hexid	ABDD63	airGround	A+ 2 A	alt	23875 2 A	position	{39.59386 -84.18967 8 186} 2 A	alt_gnss	24625 2 A	vrate	1344 2 A	speed	395.8 2 A	track	235.7 2 A
_v	7E	clock	1622766711	hexid	AA6988	airGround	A+ 0 A	squawk	1652 3 A	ident	{FDX1474 } 1 A	alt	4675 0 A	position	{39.66185 -84.37506 8 186} 0 A	alt_gnss	4800 0 A	vrate	-1600 0 A	speed	255.6 0 A	track	346.0 0 A	nav_alt_mcp	4000 1 A	nav_heading	350.2 1 A	nav_modes	{tcas} 1 A	nav_qnh	1016.0 1 A	emergency	none 3 A
_v	7E	clock	1622766715	hexid	A97C49	addrtype	adsb_icao	adsb_version	0	nac_p	8 0 A	sil	2 0 A	sil_type	unknown 0 A	airGround	A+ 0 A	alt	12850 0 A	position	{39.20332 -85.03986 8 186} 0 A
_v	7E	clock	1622766716	hexid	AA6988	airGround	A+ 0 A	squawk	1652 3 A	ident	{FDX1474 } 1 A	alt	4525 0 A	position	{39.66814 -84.37708 8 186} 0 A	alt_gnss	4650 0 A	vrate	-1344 0 A	speed	252.5 0 A	track	346.0 0 A	nav_alt_mcp	4000 0 A	nav_heading	350.2 0 A	nav_modes	{tcas} 0 A	nav_qnh	1016.0 0 A	emergency	none 3 A
_v	7E	clock	1622766698	hexid	AB385E	airGround	A+ 0 A	alt	39000 0 A	position	{39.54726 -84.14178 8 186} 0 A	alt_gnss	39950 0 A
_v	7E	clock	1622766721	hexid	AA6988	airGround	A+ 0 A	squawk	1652 3 A	ident	{FDX1474 } 1 A	alt	4425 0 A	position	{39.67438 -84.37912 8 186} 0 A	alt_gnss	4575 0 A	vrate	-1152 0 A	speed	249.3 0 A	track	346.1 0 A	nav_alt_mcp	4000 0 A	nav_heading	350.2 0 A	nav_modes	{tcas} 0 A	nav_qnh	1016.0 0 A	emergency	none 3 A
_v	7E	clock	1622766723	hexid	A23F37	addrtype	adsb_icao	adsb_version	0	nac_p	11 0 A	nac_v	1 1 A	sil	3 0 A	sil_type	unknown 0 A	nic_baro	1 0 A	airGround	A+ 0 A	alt	15475 5 A	alt_gnss	15975 1 A	vrate_geom	1664 1 A	speed	409.1 1 A	track	73.4 1 A	nav_alt_mcp	23008 0 A	nav_heading	77.3 0 A	nav_qnh	1015.2 0 A
_v	7E	clock	1622766725	hexid	A23F37	category	A3	nac_p	8 0 A	sil	2 0 A	airGround	A+ 0 A	ident	{N244DS  } 0 A	alt	15650 0 A	nav_alt_mcp	23008 1 A	nav_heading	77.3 1 A	nav_qnh	1015.2 1 A
_v	7E	clock	1622766726	hexid	AA6988	airGround	A+ 0 A	squawk	1652 3 A	ident	{FDX1474 } 1 A	alt	4325 0 A	position	{39.67978 -84.38086 8 186} 0 A	alt_gnss	4450 0 A	vrate	-1024 0 A	speed	245.2 0 A	track	346.1 0 A	nav_alt_mcp	4000 0 A	nav_heading	350.2 0 A	nav_modes	{tcas} 0 A	nav_qnh	1016.0 0 A	emergency	none 3 A
_v	7E	clock	1622766730	hexid	A23F37	airGround	A+ 0 A	squawk	6754 0 A	alt	15775 1 A	alt_gnss	16150 2 A	vrate_geom	1984 2 A	speed	410.0 2 A	track	73.4 2 A	emergency	none 0 A
_v	7E	clock	1622766731	hexid	AA6988	airGround	A+ 0 A	squawk	1652 3 A	ident	{FDX1474 } 1 A	alt	4250 0 A	position	{39.68536 -84.38263 8 186} 0 A	alt_gnss	4375 0 A	vrate	-960 0 A	speed	241.1 0 A	track	346.1 0 A	nav_alt_mcp	4000 1 A	nav_heading	350.2 1 A	nav_modes	{tcas} 1 A	nav_qnh	1016.0 1 A	emergency	none 3 A
_v	7E	clock	1622766735	hexid	A97C49	airGround	A+ 0 A	alt	13675 0 A	position	{39.22110 -85.07898 8 186} 0 A
_v	7E	clock	1622766736	hexid	AA6988	airGround	A+ 0 A	squawk	1652 3 A	ident	{FDX1474 } 1 A	alt	4175 0 A	position	{39.69039 -84.38428 8 186} 0 A	alt_gnss	4275 0 A	vrate	-896 0 A	speed	235.7 0 A	track	346.3 0 A	nav_alt_mcp	4000 0 A	nav_heading	350.2 0 A	nav_modes	{tcas} 0 A	nav_qnh	1016.0 0 A	emergency	none 3 A
_v	7E	clock	1622766730	hexid	A1F794	airGround	A+ 0 S
_v	7E	clock	1622766740	hexid	A23F37	nac_p	11 2 A	sil	3 2 A	airGround	A+ 1 A	alt	16100 2 A	position	{39.78598 -85.67479 8 186} 2 A	alt_gnss	16625 1 A	vrate_geom	1984 1 A	speed	411.0 1 A	track	73.5 1 A	nav_alt_mcp	23008 2 A	nav_heading	77.3 2 A	nav_qnh	1015.2 2 A
_v	7E	clock	1622766741	hexid	AA6988	airGround	A+ 0 A	squawk	1652 3 A	ident	{FDX1474 } 1 A	alt	4100 0 A	position	{39.69580 -84.38599 8 186} 0 A	alt_gnss	4225 0 A	vrate	-512 0 A	speed	232.6 0 A	track	346.3 0 A	nav_alt_mcp	4000 0 A	nav_heading	350.2 0 A	nav_modes	{tcas} 0 A	nav_qnh	1016.0 0 A	emergency	none 3 A
_v	7E	clock	1622766742	hexid	ABDD63	airGround	A+ 0 S	alt	24775 0 U
_v	7E	clock	1622766743	hexid	ABDD63	airGround	A+ 0 A	squawk	3463 0 A	ident	{ASH6154 } 0 A	alt	24775 0 A	position	{39.55381 -84.26410 8 186} 0 A	alt_gnss	25575 0 A	vrate	1280 0 A	speed	398.6 0 A	track	233.2 0 A	emergency	none 0 A
_v	7E	clock	1622766743	hexid	A97C49	airGround	A+ 1 A	alt	13950 1 A	position	{39.22815 -85.09025 8 186} 1 A
_v	7E	clock	1622766744	hexid	AA6988	airGround	A+ 0 A	squawk	1652 1 A	alt	4075 1 A	position	{39.69789 -84.38666 8 186} 1 A	alt_gnss	4175 1 A	vrate	-320 0 A	speed	230.7 0 A	track	346.2 0 A	nav_alt_mcp	4000 0 A	nav_heading	350.2 0 A	nav_modes	{tcas} 0 A	nav_qnh	1016.0 0 A	emergency	none 1 A
_v	7E	clock	1622766752	hexid	ADC1EF	airGround	A+ 0 S
_v	7E	clock	1622766753	hexid	ABDD63	airGround	A+ 3 A	alt	24875 5 A	position	{39.54826 -84.27344 8 186} 5 A	alt_gnss	25675 4 A	vrate	1152 3 A	speed	399.7 3 A	track	232.0 3 A	nav_alt_mcp	34016 8 A	nav_modes	{autopilot tcas} 8 A	nav_qnh	1013.6 8 A
_v	7E	clock	1622766753	hexid	AA6988	airGround	A+ 0 A	squawk	1652 0 A	alt	4000 0 A	position	{39.70822 -84.38989 8 186} 0 A	alt_gnss	4100 0 A	vrate	-640 0 A	speed	225.3 0 A	track	346.4 0 A	emergency	none 0 A
_v	7E	clock	1622766755	hexid	AA6988	airGround	A+ 0 A	squawk	1652 2 A	ident	{FDX1474 } 0 A	alt	3975 0 A	position	{39.70990 -84.39040 8 186} 0 A	alt_gnss	4075 0 A	vrate	-704 0 A	speed	224.4 0 A	track	346.3 0 A	nav_alt_mcp	4000 0 A	nav_heading	350.2 0 A	nav_modes	{althold tcas} 0 A	nav_qnh	1016.0 0 A	emergency	none 2 A
_v	7E	clock	1622766761	hexid	AA6988	airGround	A+ 0 A	squawk	1652 2 A	ident	{FDX1474 } 1 A	alt	3925 0 A	position	{39.71576 -84.39227 8 186} 0 A	alt_gnss	4025 0 A	vrate	-320 0 A	speed	221.0 0 A	track	346.7 0 A	nav_alt_mcp	4000 0 A	nav_heading	350.2 0 A	nav_modes	{althold tcas} 0 A	nav_qnh	1016.0 0 A	emergency	none 2 A
_v	7E	clock	1622766749	hexid	A1F794	airGround	A+ 0 S
_v	7E	clock	1622766768	hexid	ABDD63	airGround	A+ 0 A	vrate	1088 0 A	speed	402.8 0 A	track	229.4 0 A
_v	7E	clock	1622766749	hexid	A23F37	airGround	A+ 5 A	vrate_geom	1984 7 A	speed	411.0 7 A	track	73.5 7 A	nav_alt_mcp	23008 5 A	nav_heading	77.3 5 A	nav_qnh	1015.2 5 A
_v	7E	clock	1622766771	hexid	AA6988	airGround	A+ 0 A	squawk	1652 3 A	ident	{FDX1474 } 1 A	alt	3925 0 A	position	{39.72556 -84.39530 8 186} 0 A	alt_gnss	4025 0 A	vrate	128 0 A	speed	211.5 0 A	track	346.9 0 A	nav_alt_mcp	4000 0 A	nav_heading	350.2 0 A	nav_modes	{althold tcas} 0 A	nav_qnh	1016.0 0 A	emergency	none 3 A
_v	7E	clock	1622766778	hexid	ABDD63	airGround	A+ 0 A	ident	{ASH6154 } 0 A	alt	25400 2 A	position	{39.51453 -84.32592 8 186} 2 A	alt_gnss	26225 1 A	vrate	1216 0 A	speed	403.5 0 A	track	229.3 0 A	nav_alt_mcp	34016 3 A	nav_modes	{autopilot tcas} 3 A	nav_qnh	1013.6 3 A
_v	7E	clock	1622766780	hexid	AA6988	airGround	A+ 0 A	squawk	1652 6 A	alt	3925 0 A	position	{39.73398 -84.39781 8 186} 0 A	alt_gnss	4025 0 A	vrate	64 0 A	speed	201.1 0 A	track	347.1 0 A	nav_alt_mcp	4000 1 A	nav_heading	350.2 1 A	nav_modes	{althold tcas} 1 A	nav_qnh	1016.0 1 A	emergency	none 6 A
_v	7E	clock	1622766788	hexid	ABDD63	airGround	A+ 0 A	squawk	3463 0 A	ident	{ASH6154 } 0 A	alt	25625 0 A	position	{39.49992 -84.34789 8 186} 0 A	alt_gnss	26450 0 A	vrate	1216 0 A	speed	404.3 0 A	track	229.4 0 A	nav_alt_mcp	34016 0 A	nav_modes	{autopilot tcas} 0 A	nav_qnh	1013.6 0 A	emergency	none 0 A
_v	7E	clock	1622766791	hexid	AA6988	airGround	A+ 0 A	squawk	1652 7 A	ident	{FDX1474 } 1 A	alt	3925 0 A	position	{39.74364 -84.40067 8 186} 0 A	alt_gnss	4025 0 A	vrate	-64 0 A	speed	190.7 0 A	track	347.3 0 A	nav_alt_mcp	4000 3 A	nav_heading	350.2 3 A	nav_modes	{althold tcas} 3 A	nav_qnh	1016.0 3 A	emergency	none 7 A
_v	7E	clock	1622766798	hexid	ABDD63	airGround	A+ 0 A	squawk	3463 4 A	ident	{ASH6154 } 0 A	alt	25825 0 A	position	{39.48747 -84.36664 8 186} 0 A	alt_gnss	26625 0 A	vrate	1152 1 A	speed	405.7 1 A	track	229.4 1 A	nav_alt_mcp	34016 0 A	nav_modes	{autopilot tcas} 0 A	nav_qnh	1013.6 0 A	emergency	none 4 A
_v	7E	clock	1622766801	hexid	AA6988	airGround	A+ 0 A	squawk	1652 2 A	ident	{FDX1474 } 1 A	alt	3925 0 A	position	{39.75197 -84.40306 8 186} 0 A	alt_gnss	4025 0 A	vrate	0 0 A	speed	181.0 0 A	track	347.9 0 A	nav_alt_mcp	4000 0 A	nav_heading	350.2 0 A	nav_modes	{althold tcas} 0 A	nav_qnh	1016.0 0 A	emergency	none 2 A
_v	7E	clock	1622766808	hexid	ABDD63	airGround	A+ 0 A	squawk	3463 0 A	ident	{ASH6154 } 0 A	alt	26025 0 A	position	{39.47523 -84.38507 8 186} 0 A	alt_gnss	26850 0 A	vrate	1088 1 A	speed	407.1 1 A	track	229.4 1 A	nav_alt_mcp	34016 5 A	nav_modes	{autopilot tcas} 5 A	nav_qnh	1013.6 5 A	emergency	none 0 A
_v	7E	clock	1622766809	hexid	A97C49	es_op_status	F82100020049B8
_v	7E	clock	1622766809	hexid	A97C49	adsb_version	2	nac_p	9 0 A	sil	3 0 A	sil_type	perhour 0 A	nic_baro	1 0 A	airGround	A+ 0 A
_v	7E	clock	1622766810	hexid	AA6988	airGround	A+ 0 A	ident	{FDX1474 } 4 A	alt	3925 0 A	position	{39.75870 -84.40497 8 186} 0 A	alt_gnss	4025 1 A	vrate	0 1 A	speed	174.7 1 A	track	348.1 1 A	nav_alt_mcp	4000 0 A	nav_heading	350.2 0 A	nav_modes	{althold tcas} 0 A	nav_qnh	1016.0 0 A
_v	7E	clock	1622766815	hexid	A97C49	airGround	A+ 0 A	alt	17250 0 A	position	{39.31076 -85.22418 8 186} 0 A	nav_alt_mcp	23008 0 A	nav_heading	315.0 0 A	nav_qnh	1016.0 0 A
_v	7E	clock	1622766817	hexid	A97C49	category	A5	airGround	A+ 0 A	ident	{CKS947  } 0 A	alt	17325 0 A	position	{39.31375 -85.22907 8 186} 0 A	nav_alt_mcp	23008 1 A	nav_heading	315.0 1 A	nav_qnh	1016.0 1 A
_v	7E	clock	1622766818	hexid	ABDD63	airGround	A+ 0 A	alt	26125 3 A	position	{39.46761 -84.39649 8 186} 3 A	alt_gnss	26950 3 A	vrate	1216 0 A	speed	408.5 0 A	track	229.4 0 A	nav_alt_mcp	34016 5 A	nav_modes	{autopilot tcas} 5 A	nav_qnh	1013.6 5 A
_v	7E	clock	1622766820	hexid	AA6988	airGround	A+ 0 A	ident	{FDX1474 } 5 A	alt	3950 0 A	position	{39.76711 -84.40723 8 186} 0 A	alt_gnss	4050 0 A	vrate	0 0 A	speed	172.6 0 A	track	348.3 0 A	nav_alt_mcp	4000 0 A	nav_heading	14.8 0 A	nav_modes	{althold tcas} 0 A	nav_qnh	1016.0 0 A
_v	7E	clock	1622766821	hexid	A97C49	nac_v	2 0 A	airGround	A+ 0 A	squawk	3767 0 A	alt	17450 0 A	position	{39.31856 -85.23677 8 186} 0 A	alt_gnss	17925 0 A	vrate	1920 0 A	speed	404.8 0 A	track	308.7 0 A	nav_alt_mcp	23008 0 A	nav_heading	315.0 0 A	nav_qnh	1016.0 0 A	emergency	none 0 A
_v	7E	clock	1622766822	hexid	AA6988	airGround	A+ 0 A	alt	3950 0 A	position	{39.76863 -84.40766 8 186} 0 A	alt_gnss	4025 0 A	vrate	0 0 A	speed	172.6 0 A	track	348.3 0 A	nav_alt_mcp	4000 0 A	nav_heading	30.9 0 A	nav_modes	{althold tcas} 0 A	nav_qnh	1016.0 0 A
_v	7E	clock	1622766826	hexid	ABDD63	airGround	A+ 0 A	alt	26375 0 A	position	{39.45307 -84.41833 8 186} 0 A	alt_gnss	27200 0 A	vrate	1216 6 A	speed	408.5 6 A	track	229.4 6 A	nav_alt_mcp	34016 5 A	nav_modes	{autopilot tcas} 5 A	nav_qnh	1013.6 5 A
_v	7E	clock	1622766828	hexid	AA6988	airGround	A+ 0 A	squawk	1652 0 A	ident	{FDX1474 } 3 A	alt	3950 0 A	position	{39.77289 -84.40862 8 186} 0 A	alt_gnss	4025 0 A	vrate	-64 0 A	speed	173.1 0 A	track	351.0 0 A	nav_alt_mcp	4000 0 A	nav_heading	30.2 0 A	nav_modes	{althold tcas} 0 A	nav_qnh	1016.0 0 A	emergency	none 0 A
_v	7E	clock	1622766831	hexid	A97C49	airGround	A+ 0 A	squawk	3767 0 A	ident	{CKS947  } 4 A	alt	17800 0 A	position	{39.33036 -85.25574 8 186} 0 A	alt_gnss	18250 1 A	vrate	2176 1 A	speed	407.8 1 A	track	308.5 1 A	nav_alt_mcp	23008 0 A	nav_heading	315.0 0 A	nav_qnh	1016.0 0 A	emergency	none 0 A
_v	7E	clock	1622766831	hexid	AA6988	airGround	A+ 0 A	ident	{FDX1474 } 1 A	alt	3950 0 A	position	{39.77490 -84.40891 8 186} 0 A	alt_gnss	4025 0 A	vrate	-128 0 A	speed	173.4 0 A	track	356.0 0 A	nav_alt_mcp	3008 0 A	nav_heading	30.2 0 A	nav_modes	{althold tcas} 0 A	nav_qnh	1016.0 0 A
_v	7E	clock	1622766836	hexid	A97C49	airGround	A+ 0 A	squawk	3767 0 A	alt	17950 0 A	position	{39.33554 -85.26412 8 186} 0 A	alt_gnss	18450 0 A	vrate	2176 0 A	speed	410.0 0 A	track	308.5 0 A	nav_alt_mcp	23008 0 A	nav_heading	315.0 0 A	nav_qnh	1013.6 0 A	emergency	none 0 A
_v	7E	clock	1622766836	hexid	AA6988	airGround	A+ 0 A	squawk	1652 3 A	ident	{FDX1474 } 1 A	alt	3925 0 A	position	{39.77971 -84.40838 8 186} 0 A	alt_gnss	4000 0 A	vrate	-128 0 A	speed	176.3 0 A	track	11.1 0 A	nav_alt_mcp	3008 3 A	nav_heading	30.2 3 A	nav_modes	{althold tcas} 3 A	nav_qnh	1016.0 3 A	emergency	none 3 A
_v	7E	clock	1622766838	hexid	AA6988	airGround	A+ 0 A	alt	3925 0 A	position	{39.78136 -84.40778 8 186} 0 A	alt_gnss	4000 0 A	vrate	-256 0 A	speed	176.6 0 A	track	15.8 0 A	nav_alt_mcp	3008 0 A	nav_heading	30.2 0 A	nav_modes	{tcas} 0 A	nav_qnh	1016.0 0 A
_v	7E	clock	1622766843	hexid	AA6988	airGround	A+ 0 A	alt	3875 0 A	position	{39.78520 -84.40587 8 186} 0 A	alt_gnss	3975 0 A	vrate	-640 0 A	speed	177.5 0 A	track	22.5 0 A	nav_alt_mcp	3008 0 A	nav_heading	30.2 0 A	nav_modes	{tcas} 0 A	nav_qnh	1016.0 0 A
_v	7E	clock	1622766846	hexid	A97C49	airGround	A+ 0 A	squawk	3767 5 A	ident	{CKS947  } 4 A	alt	18375 0 A	position	{39.34805 -85.28448 8 186} 0 A	alt_gnss	18900 0 A	vrate	2560 0 A	speed	412.1 0 A	track	308.4 0 A	nav_alt_mcp	23008 1 A	nav_heading	315.0 1 A	nav_qnh	1013.6 1 A	emergency	none 5 A
_v	7E	clock	1622766847	hexid	AA6988	airGround	A+ 0 A	ident	{FDX1474 } 2 A	alt	3825 0 A	position	{39.78810 -84.40399 8 186} 0 A	alt_gnss	3925 0 A	vrate	-832 0 A	speed	178.0 0 A	track	26.7 0 A	nav_alt_mcp	3008 0 A	nav_heading	30.2 0 A	nav_modes	{approach tcas} 0 A	nav_qnh	1016.0 0 A
_v	7E	clock	1622766852	hexid	AA6988	airGround	A+ 0 A	squawk	1652 4 A	ident	{FDX1474 } 2 A	alt	3750 0 A	position	{39.79193 -84.40127 8 186} 0 A	alt_gnss	3850 0 A	vrate	-1024 0 A	speed	178.6 0 A	track	29.1 0 A	nav_alt_mcp	3008 0 A	nav_heading	30.2 0 A	nav_modes	{approach tcas} 0 A	nav_qnh	1016.0 0 A	emergency	none 4 A
_v	7E	clock	1622766853	hexid	AA6988	airGround	A+ 0 A	squawk	1652 0 A	alt	3725 0 A	position	{39.79276 -84.40070 8 186} 0 A	alt_gnss	3825 0 A	vrate	-1024 0 A	speed	178.6 0 A	track	29.1 0 A	nav_alt_mcp	3008 0 A	nav_heading	30.2 0 A	nav_modes	{tcas} 0 A	nav_qnh	1016.0 0 A	emergency	none 0 A
_v	7E	clock	1622766856	hexid	A97C49	airGround	A+ 0 A	squawk	3767 0 A	ident	{CKS947  } 4 A	alt	18750 0 A	position	{39.35913 -85.30237 8 186} 0 A	alt_gnss	19250 1 A	vrate	1920 1 A	speed	414.2 1 A	track	308.5 1 A	nav_alt_mcp	23008 1 A	nav_heading	315.0 1 A	nav_qnh	1013.6 1 A	emergency	none 0 A
_v	7E	clock	1622766858	hexid	AB6851	addrtype	adsb_icao	adsb_version	0	nac_p	9 0 A	sil	3 0 A	sil_type	unknown 0 A	nic_baro	1 0 A	airGround	A+ 0 A	alt	37000 2 A	position	{40.19511 -85.18393 8 186} 2 A	nav_alt_mcp	36992 0 A	nav_heading	72.4 0 A	nav_qnh	1013.6 0 A
_v	7E	clock	1622766858	hexid	AA6988	airGround	A+ 0 A	squawk	1652 0 A	alt	3675 0 A	position	{39.79565 -84.39856 8 186} 0 A	alt_gnss	3750 0 A	vrate	-320 0 A	speed	179.2 0 A	track	30.1 0 A	nav_alt_mcp	3008 1 A	nav_heading	30.2 1 A	nav_modes	{tcas} 1 A	nav_qnh	1016.0 1 A	emergency	none 0 A
_v	7E	clock	1622766860	hexid	AB6851	category	A5	nac_p	8 0 A	nac_v	1 1 A	sil	2 0 A	airGround	A+ 0 A	squawk	1760 0 A	ident	{DAL2521 } 0 A	alt	37000 0 A	position	{40.19818 -85.17232 8 186} 0 A	alt_gnss	37975 1 A	vrate	0 1 A	speed	474.1 1 A	track	70.9 1 A	emergency	none 0 A
_v	7E	clock	1622766866	hexid	A97C49	airGround	A+ 3 A	alt	18800 8 A	position	{39.36177 -85.30663 8 186} 8 A	alt_gnss	19350 7 A	vrate	1984 3 A	speed	417.1 3 A	track	308.4 3 A	nav_alt_mcp	23008 7 A	nav_heading	315.0 7 A	nav_qnh	1013.6 7 A
_v	7E	clock	1622766867	hexid	AB6851	es_op_status	F83300060049B8
_v	7E	clock	1622766865	hexid	AA6988	airGround	A+ 0 A	ident	{FDX1474 } 0 A	alt	3675 1 A	position	{39.80063 -84.39476 8 186} 1 A	alt_gnss	3750 0 A	vrate	128 0 A	speed	183.7 0 A	track	30.1 0 A	nav_alt_mcp	3008 6 A	nav_heading	30.2 6 A	nav_modes	{tcas} 6 A	nav_qnh	1016.0 6 A
_v	7E	clock	1622766876	hexid	AA6988	airGround	A+ 0 A	alt	3575 0 A	position	{39.80966 -84.38800 8 186} 0 A
_v	7E	clock	1622766877	hexid	AA6988	airGround	A+ 0 A	alt	3575 0 A	position	{39.81033 -84.38748 8 186} 0 A	alt_gnss	3650 0 A	vrate	-896 0 A	speed	186.3 0 A	track	29.6 0 A	nav_alt_mcp	3008 0 A	nav_heading	30.2 0 A	nav_modes	{approach tcas} 0 A	nav_qnh	1016.0 0 A
_v	7E	clock	1622766882	hexid	AA6988	airGround	A+ 0 A	ident	{FDX1474 } 2 A	alt	3475 0 A	position	{39.81408 -84.38477 8 186} 0 A	alt_gnss	3600 0 A	vrate	-960 0 A	speed	187.7 0 A	track	29.7 0 A	nav_alt_mcp	3008 2 A	nav_heading	30.2 2 A	nav_modes	{approach tcas} 2 A	nav_qnh	1016.0 2 A
_v	7E	clock	1622766883	hexid	AA6988	airGround	A+ 0 A	squawk	1652 0 A	alt	3475 0 A	position	{39.81492 -84.38416 8 186} 0 A	alt_gnss	3550 0 A	vrate	-1024 0 A	speed	188.5 0 A	track	29.6 0 A	nav_alt_mcp	3008 0 A	nav_heading	61.2 0 A	nav_modes	{approach tcas} 0 A	nav_qnh	1016.0 0 A	emergency	none 0 A
_v	7E	clock	1622766888	hexid	AA6988	airGround	A+ 0 A	squawk	1652 0 A	alt	3400 0 A	position	{39.81825 -84.38163 8 186} 0 A	alt_gnss	3475 0 A	vrate	-1024 0 A	speed	189.5 0 A	track	31.8 0 A	nav_alt_mcp	3008 0 A	nav_heading	61.2 0 A	nav_modes	{approach tcas} 0 A	nav_qnh	1016.0 0 A	emergency	none 0 A
_v	7E	clock	1622766890	hexid	AB6851	adsb_version	2	nac_p	9 2 A	sil	3 2 A	sil_type	perhour 2 A	airGround	A+ 0 A	squawk	1760 0 A	ident	{DAL2521 } 20 A	alt	37000 2 A	position	{40.21779 -85.09857 8 186} 2 A	alt_gnss	37975 0 A	vrate	0 0 A	speed	472.2 0 A	track	70.8 0 A	nav_alt_mcp	36992 2 A	nav_heading	72.4 2 A	nav_qnh	1013.6 2 A	emergency	none 0 A
_v	7E	clock	1622766893	hexid	AA6988	airGround	A+ 0 A	ident	{FDX1474 } 3 A	alt	3325 0 A	position	{39.82181 -84.37848 8 186} 0 A	alt_gnss	3400 0 A	vrate	-1088 0 A	speed	190.6 0 A	track	35.6 0 A	nav_alt_mcp	3008 0 A	nav_heading	61.2 0 A	nav_modes	{approach tcas} 0 A	nav_qnh	1016.0 0 A
_v	7E	clock	1622766895	hexid	ABDD63	airGround	A+ 0 S
_v	7E	clock	1622766898	hexid	AA6988	airGround	A+ 0 A	squawk	1652 0 A	ident	{FDX1474 } 3 A	alt	3225 0 A	position	{39.82562 -84.37440 8 186} 0 A	alt_gnss	3300 0 A	vrate	-1024 0 A	speed	191.9 0 A	track	41.8 0 A	nav_alt_mcp	3008 0 A	nav_heading	61.2 0 A	nav_modes	{approach tcas} 0 A	nav_qnh	1016.0 0 A	emergency	none 0 A
_v	7E	clock	1622766903	hexid	AA6988	airGround	A+ 0 A	squawk	1652 0 A	ident	{FDX1474 } 3 A	alt	3150 0 A	position	{39.82870 -84.37042 8 186} 0 A	alt_gnss	3225 0 A	vrate	-1024 0 A	speed	193.8 0 A	track	46.3 0 A	nav_alt_mcp	3008 0 A	nav_heading	61.2 0 A	nav_modes	{approach tcas} 0 A	nav_qnh	1016.0 0 A	emergency	none 0 A
_v	7E	clock	1622766908	hexid	AA6988	airGround	A+ 0 A	squawk	1652 0 A	ident	{FDX1474 } 3 A	alt	3050 0 A	position	{39.83163 -84.36560 8 186} 0 A	alt_gnss	3125 0 A	vrate	-1024 0 A	speed	194.6 0 A	track	53.8 0 A	nav_alt_mcp	3008 0 A	nav_heading	61.2 0 A	nav_modes	{approach tcas} 0 A	nav_qnh	1016.0 0 A	emergency	none 0 A
_v	7E	clock	1622766913	hexid	AA6988	airGround	A+ 0 A	squawk	1652 0 A	ident	{FDX1474 } 3 A	alt	2950 0 A	position	{39.83409 -84.36091 8 186} 0 A	alt_gnss	3025 0 A	vrate	-1024 0 A	speed	192.2 0 A	track	56.9 0 A	nav_alt_mcp	3008 0 A	nav_heading	61.2 0 A	nav_modes	{approach tcas} 0 A	nav_qnh	1016.0 0 A	emergency	none 0 A
_v	7E	clock	1622766918	hexid	A97C49	airGround	A+ 0 S
_v	7E	clock	1622766919	hexid	AA6988	airGround	A+ 0 A	squawk	1652 5 A	ident	{FDX1474 } 4 A	alt	2850 0 A	position	{39.83694 -84.35510 8 186} 0 A	alt_gnss	2900 0 A	vrate	-960 0 A	speed	187.5 0 A	track	57.4 0 A	nav_alt_mcp	3008 0 A	nav_heading	61.2 0 A	nav_modes	{approach tcas} 0 A	nav_qnh	1016.0 0 A	emergency	none 5 A
_v	7E	clock	1622766899	hexid	AB6851	airGround	A+ 0 A	alt	37000 0 A	position	{40.22560 -85.06914 8 186} 0 A	alt_gnss	37975 2 A	vrate	0 4 A	speed	472.2 4 A	track	70.8 4 A	nav_alt_mcp	36992 3 A	nav_heading	72.4 3 A	nav_qnh	1013.6 3 A
_v	7E	clock	1622766924	hexid	AA6988	airGround	A+ 0 A	squawk	1652 0 A	alt	2800 0 A	position	{39.83922 -84.35058 8 186} 0 A	alt_gnss	2850 1 A	vrate	-960 1 A	speed	185.0 1 A	track	56.9 1 A	nav_alt_mcp	3008 1 A	nav_heading	61.2 1 A	nav_modes	{approach tcas} 1 A	nav_qnh	1016.0 1 A	emergency	none 0 A
_v	7E	clock	1622766920	hexid	ABDD63	airGround	A+ 0 A	alt	27950 2 A	alt_gnss	28825 0 A	vrate	1152 0 A	speed	424.0 0 A	track	229.2 0 A
_v	7E	clock	1622766929	hexid	AA6988	airGround	A+ 0 A	ident	{FDX1474 } 4 A	alt	2725 0 A	position	{39.84164 -84.34595 8 186} 0 A	alt_gnss	2775 0 A	vrate	-832 0 A	speed	180.3 0 A	track	55.2 0 A	nav_alt_mcp	3008 0 A	nav_heading	61.2 0 A	nav_modes	{approach tcas} 0 A	nav_qnh	1016.0 0 A
_v	7E	clock	1622766930	hexid	A94BFC	airGround	A+ 0 S
_v	7E	clock	1622766934	hexid	AA6988	airGround	A+ 1 A	ident	{FDX1474 } 4 A	alt	2650 1 A	position	{39.84355 -84.34247 8 186} 1 A	alt_gnss	2700 1 A	vrate	-896 1 A	speed	177.9 1 A	track	54.6 1 A	nav_alt_mcp	3008 4 A	nav_heading	61.2 4 A	nav_modes	{approach tcas} 4 A	nav_qnh	1016.0 4 A
_v	7E	clock	1622766939	hexid	A94BFC	es_op_status	F82100020049B8
_v	7E	clock	1622766939	hexid	A94BFC	adsb_version	2	nac_p	9 0 A	sil	3 0 A	sil_type	perhour 0 A	nic_baro	1 0 A	airGround	A+ 0 A	alt	35000 0 A	alt_gnss	35900 1 A	vrate	0 2 A	speed	465.2 2 A	track	94.2 2 A	nav_alt_mcp	35008 0 A	nav_heading	97.0 0 A	nav_qnh	1013.6 0 A
_v	7E	clock	1622766939	hexid	AA6988	airGround	A+ 0 A	squawk	1652 0 A	ident	{FDX1474 } 4 A	alt	2550 0 A	position	{39.84641 -84.33732 8 186} 0 A	alt_gnss	2575 0 A	vrate	-960 0 A	speed	172.6 0 A	track	54.2 0 A	nav_alt_mcp	3008 0 A	nav_heading	61.2 0 A	nav_modes	{approach tcas} 0 A	nav_qnh	1016.0 0 A	emergency	none 0 A
_v	7E	clock	1622766941	hexid	A94BFC	category	A3	airGround	A+ 0 A	ident	{UAL1699 } 0 A	alt	35000 0 A	position	{39.92525 -84.67113 8 186} 0 A	nav_alt_mcp	35008 0 A	nav_heading	97.0 0 A	nav_qnh	1013.6 0 A
_v	7E	clock	1622766943	hexid	A263DC	addrtype	adsb_icao	adsb_version	0	nac_p	8 0 A	nac_v	2 1 A	sil	2 0 A	sil_type	unknown 0 A	airGround	A+ 0 A	alt	32000 0 A	position	{39.27743 -84.86420 8 186} 0 A	alt_gnss	33000 0 A	vrate	64 1 A	speed	422.2 1 A	track	332.9 1 A
_v	7E	clock	1622766943	hexid	A94BFC	airGround	A+ 0 A	squawk	7357 0 A	alt	35000 0 A	position	{39.92491 -84.66553 8 186} 0 A	alt_gnss	35900 0 A	vrate	0 0 A	speed	465.2 0 A	track	94.2 0 A	emergency	none 0 A
_v	7E	clock	1622766944	hexid	A263DC	es_op_status	F8230002004AB8
_v	7E	clock	1622766945	hexid	A263DC	adsb_version	2	category	A3	nac_p	10 0 A	sil	3 0 A	sil_type	perhour 0 A	nic_baro	1 0 A	airGround	A+ 0 A	ident	{ENY4337 } 0 A	alt	32000 0 A	position	{39.27919 -84.86532 8 186} 0 A	alt_gnss	33000 0 A	vrate	-64 0 A	speed	422.2 0 A	track	332.9 0 A	nav_alt_mcp	28000 0 A	nav_modes	{autopilot vnav tcas} 0 A	nav_qnh	1013.6 0 A
_v	7E	clock	1622766945	hexid	AA6988	airGround	A+ 0 A	squawk	1652 0 A	ident	{FDX1474 } 4 A	alt	2500 0 A	position	{39.84856 -84.33344 8 186} 0 A	alt_gnss	2525 0 A	vrate	-832 0 A	speed	168.7 0 A	track	54.9 0 A	nav_alt_mcp	3008 1 A	nav_heading	61.2 1 A	nav_modes	{approach tcas} 1 A	nav_qnh	1016.0 1 A	emergency	none 0 A
_v	7E	clock	1622766947	hexid	A23F37	nac_p	8 0 A	sil	2 0 A	airGround	A+ 0 A	alt	22425 0 A	alt_gnss	22950 0 A
_v	7E	clock	1622766937	hexid	A97C49	airGround	A+ 0 S
_v	7E	clock	1622766950	hexid	A263DC	airGround	A+ 0 A	squawk	3156 0 A	alt	32000 0 A	position	{39.28821 -84.87124 8 186} 0 A	alt_gnss	33000 0 A	vrate	-64 0 A	speed	422.2 0 A	track	332.9 0 A	nav_alt_mcp	28000 2 A	nav_modes	{autopilot vnav tcas} 2 A	nav_qnh	1013.6 2 A	emergency	none 0 A
_v	7E	clock	1622766950	hexid	AA6988	airGround	A+ 0 A	squawk	1652 0 A	ident	{FDX1474 } 4 A	alt	2400 0 A	position	{39.85090 -84.32904 8 186} 0 A	alt_gnss	2450 0 A	vrate	-832 0 A	speed	166.7 0 A	track	55.3 0 A	nav_alt_mcp	3008 0 A	nav_heading	61.2 0 A	nav_modes	{approach tcas} 0 A	nav_qnh	1016.0 0 A	emergency	none 0 A
_v	7E	clock	1622766950	hexid	AB6851	airGround	A+ 2 A	alt_gnss	37975 3 A	vrate	0 3 A	speed	470.9 3 A	track	70.9 3 A	nav_alt_mcp	36992 2 A	nav_heading	72.4 2 A	nav_qnh	1013.6 2 A
_v	7E	clock	1622766953	hexid	AA6988	airGround	A+ 0 A	ident	{FDX1474 } 2 A	alt	2375 0 A	position	{39.85190 -84.32711 8 186} 0 A	alt_gnss	2400 0 A	vrate	-832 0 A	speed	162.5 0 A	track	55.5 0 A	nav_alt_mcp	3008 0 A	nav_heading	61.2 0 A	nav_modes	{approach tcas} 0 A	nav_qnh	1016.0 0 A
_v	7E	clock	1622766963	hexid	AA6988	airGround	A+ 0 A	alt	2225 0 A	position	{39.85644 -84.31854 8 186} 0 A	alt_gnss	2250 0 A	vrate	-768 0 A	speed	152.3 0 A	track	55.2 0 A	nav_alt_mcp	3008 0 A	nav_heading	61.2 0 A	nav_modes	{approach tcas} 0 A	nav_qnh	1016.0 0 A
_v	7E	clock	1622766969	hexid	A263DC	airGround	A+ 0 A	squawk	3156 14 A	ident	{ENY4337 } 4 A	alt	31975 0 A	position	{39.32119 -84.89294 8 186} 0 A	alt_gnss	32975 0 A	vrate	-576 0 A	speed	421.3 0 A	track	332.9 0 A	nav_alt_mcp	28000 0 A	nav_modes	{autopilot vnav tcas} 0 A	nav_qnh	1013.6 0 A	emergency	none 14 A
_v	7E	clock	1622766969	hexid	AA6988	addrtype	adsb_icao	adsb_version	2	category	A4	nac_p	9 0 A	nac_v	1 0 A	sil	3 0 A	sil_type	perhour 0 A	nic_baro	1 0 A	airGround	A+ 0 A	squawk	1652 0 A	ident	{FDX1474 } 2 A	alt	2175 0 A	position	{39.85863 -84.31452 8 186} 0 A	alt_gnss	2175 0 A	vrate	-768 0 A	speed	149.5 0 A	track	55.4 0 A	nav_alt_mcp	3008 0 A	nav_heading	61.2 0 A	nav_modes	{approach tcas} 0 A	nav_qnh	1016.0 0 A	emergency	none 0 A
_v	7E	clock	1622766974	hexid	A94BFC	airGround	A+ 0 A	squawk	7357 0 A	ident	{UAL1699 } 3 A	alt	35000 0 A	position	{39.92020 -84.58171 8 186} 0 A	alt_gnss	35900 0 A	vrate	0 0 A	speed	464.2 0 A	track	94.2 0 A	nav_alt_mcp	35008 2 A	nav_heading	97.0 2 A	nav_qnh	1013.6 2 A	emergency	none 0 A
_v	7E	clock	1622766974	hexid	AA6988	airGround	A+ 0 A	squawk	1652 0 A	ident	{FDX1474 } 2 A	alt	2100 0 A	position	{39.86054 -84.31085 8 186} 0 A	alt_gnss	2100 0 A	vrate	-768 0 A	speed	148.1 0 A	track	55.5 0 A	nav_alt_mcp	3008 0 A	nav_heading	61.2 0 A	nav_modes	{approach tcas} 0 A	nav_qnh	1016.0 0 A	emergency	none 0 A
_v	7E	clock	1622766978	hexid	A263DC	airGround	A+ 0 A	alt	31850 2 A	position	{39.33385 -84.90131 8 186} 2 A	alt_gnss	32850 1 A	vrate	-1024 0 A	speed	422.2 0 A	track	332.9 0 A	nav_alt_mcp	28000 9 A	nav_modes	{autopilot vnav tcas} 9 A	nav_qnh	1013.6 9 A
_v	7E	clock	1622766979	hexid	AA6988	airGround	A+ 0 A	squawk	1652 0 A	ident	{FDX1474 } 3 A	alt	2050 0 A	position	{39.86254 -84.30713 8 186} 0 A	alt_gnss	2050 0 A	vrate	-768 0 A	speed	147.3 0 A	track	55.2 0 A	nav_alt_mcp	3008 0 A	nav_heading	61.2 0 A	nav_modes	{approach tcas} 0 A	nav_qnh	1016.0 0 A	emergency	none 0 A
_v	7E	clock	1622766983	hexid	AAA621	addrtype	adsb_icao	adsb_version	0	nac_p	7 0 A	sil	2 0 A	sil_type	unknown 0 A	nic_baro	1 0 A	airGround	A+ 0 A	alt	30000 0 A	nav_alt_mcp	30016 0 A	nav_heading	224.3 0 A	nav_qnh	1013.6 0 A
_v	7E	clock	1622766983	hexid	AB6851	airGround	A+ 0 S
_v	7E	clock	1622766983	hexid	AA6988	airGround	A+ 0 A	ident	{FDX1474 } 2 A	alt	2000 0 A	position	{39.86380 -84.30478 8 186} 0 A	alt_gnss	2000 0 A	vrate	-704 0 A	speed	147.3 0 A	track	55.2 0 A	nav_alt_mcp	3008 0 A	nav_heading	61.2 0 A	nav_modes	{approach tcas} 0 A	nav_qnh	1016.0 0 A
_v	7E	clock	1622766987	hexid	AAA621	es_op_status	F8230006004878
_v	7E	clock	1622766994	hexid	AAA621	adsb_version	2	nac_p	8 5 A	nac_v	1 0 A	sil	3 5 A	sil_type	perhour 5 A	airGround	A+ 0 A	squawk	4140 0 A	alt	30000 6 A	position	{39.96249 -84.00290 7 371} 6 A	alt_gnss	30875 6 A	vrate	0 0 A	speed	451.0 0 A	track	214.0 0 A	nav_alt_mcp	30016 5 A	nav_heading	224.3 5 A	nav_qnh	1013.6 5 A	emergency	none 0 A
_v	7E	clock	1622766985	hexid	AA6988	airGround	A+ 0 A	vrate	-704 0 A	speed	147.3 0 A	track	55.2 0 A
_v	7E	clock	1622766998	hexid	AA6988	airGround	A+ 0 A	alt	1800 0 A	position	{39.87021 -84.29284 8 186} 0 A	alt_gnss	1800 0 A	vrate	-768 0 A	speed	145.9 0 A	track	55.3 0 A
_v	7E	clock	1622767003	hexid	A23F37	alt	11100 0 U
_v	7E	clock	1622767004	hexid	A94BFC	airGround	A+ 0 A	squawk	7357 0 A	ident	{UAL1699 } 2 A	alt	35000 0 A	position	{39.91547 -84.49768 8 186} 0 A	alt_gnss	35875 0 A	vrate	0 0 A	speed	464.2 0 A	track	94.2 0 A	nav_alt_mcp	35008 2 A	nav_heading	97.0 2 A	nav_qnh	1013.6 2 A	emergency	none 0 A
_v	7E	clock	1622767004	hexid	AA6988	airGround	A+ 0 A	squawk	1652 4 A	ident	{FDX1474 } 2 A	alt	1725 0 A	position	{39.87209 -84.28926 8 186} 0 A	alt_gnss	1725 0 A	vrate	-768 0 A	speed	145.9 0 A	track	55.3 0 A	nav_alt_mcp	3008 0 A	nav_heading	61.2 0 A	nav_modes	{approach tcas} 0 A	nav_qnh	1016.0 0 A	emergency	none 4 A
_v	7E	clock	1622767012	hexid	AA6988	airGround	A+ 0 A	squawk	1652 7 A	ident	{FDX1474 } 6 A	alt	1625 0 A	position	{39.87534 -84.28317 8 186} 0 A	alt_gnss	1625 0 A	vrate	-768 4 A	speed	145.9 4 A	track	55.3 4 A	nav_alt_mcp	3008 5 A	nav_heading	61.2 5 A	nav_modes	{approach tcas} 5 A	nav_qnh	1016.0 5 A	emergency	none 7 A
_v	7E	clock	1622767012	hexid	AAA621	category	A3	airGround	A+ 0 A	ident	{SWA443  } 0 A	alt	30000 1 A	position	{39.92301 -84.03748 7 371} 1 A	alt_gnss	30875 0 A	vrate	0 0 A	speed	451.0 0 A	track	214.0 0 A	nav_alt_mcp	30016 13 A	nav_heading	224.3 13 A	nav_qnh	1013.6 13 A
_v	7E	clock	1622767014	hexid	AA6988	es_op_status	F81300020049B8
_v	7E	clock	1622767014	hexid	AB6851	alt	37000 0 U
_v	7E	clock	1622767015	hexid	AA6988	airGround	A+ 0 A	squawk	1652 0 A	alt	1600 0 A	position	{39.87643 -84.28108 8 186} 0 A	alt_gnss	1575 0 A	vrate	-704 0 A	speed	145.1 0 A	track	55.1 0 A	nav_alt_mcp	3008 0 A	nav_heading	61.2 0 A	nav_modes	{approach} 0 A	nav_qnh	1016.0 0 A	emergency	none 0 A
_v	7E	clock	1622767019	hexid	A263DC	airGround	A+ 0 S
_v	7E	clock	1622767020	hexid	AA6988	airGround	A+ 2 A	ident	{FDX1474 } 3 A	alt	1550 0 A	position	{39.87832 -84.27759 8 186} 0 A	alt_gnss	1525 0 A	vrate	-704 0 A	speed	147.3 0 A	track	55.2 0 A	nav_alt_mcp	3008 0 A	nav_heading	61.2 0 A	nav_modes	{approach} 0 A	nav_qnh	1016.0 0 A
_v	7E	clock	1622767025	hexid	AA6988	squawk	1652 0 A	ident	{FDX1474 } 3 A	alt	1475 1 A	position	{39.87995 -84.27454 8 186} 1 A	alt_gnss	1450 1 A	vrate	-704 0 A	speed	149.5 0 A	track	55.4 0 A	nav_alt_mcp	3008 1 A	nav_heading	61.2 1 A	nav_modes	{approach} 1 A	nav_qnh	1016.0 1 A	emergency	none 0 A
_v	7E	clock	1622767029	hexid	A263DC	airGround	A+ 0 A	alt	30825 0 A	position	{39.42621 -84.96216 8 186} 0 A	alt_gnss	31800 0 A	vrate	-1984 0 A	speed	422.6 0 A	track	332.8 0 A	nav_alt_mcp	28000 0 A	nav_modes	{autopilot vnav tcas} 0 A	nav_qnh	1013.6 0 A
_v	7E	clock	1622767029	hexid	AA6988	alt	1425 1 A	position	{39.88152 -84.27159 8 186} 1 A	alt_gnss	1400 1 A	vrate	-832 1 A	speed	149.5 1 A	track	55.4 1 A	nav_alt_mcp	3008 0 A	nav_heading	61.2 0 A	nav_modes	{approach} 0 A	nav_qnh	1016.0 0 A
_v	7E	clock	1622767034	hexid	A94BFC	airGround	A+ 0 A	squawk	7357 0 A	ident	{UAL1699 } 2 A	alt	35000 0 A	position	{39.91058 -84.41174 8 186} 0 A	alt_gnss	35875 0 A	vrate	0 0 A	speed	464.2 0 A	track	94.2 0 A	nav_alt_mcp	35008 0 A	nav_heading	97.0 0 A	nav_qnh	1013.6 0 A	emergency	none 0 A
_v	7E	clock	1622767040	hexid	A263DC	airGround	A+ 0 A	alt	30475 0 A	position	{39.44427 -84.97412 8 186} 0 A	alt_gnss	31450 0 A	vrate	-2048 0 A	speed	422.6 0 A	track	332.8 0 A	nav_alt_mcp	28000 3 A	nav_modes	{autopilot vnav tcas} 3 A	nav_qnh	1013.6 3 A
_v	7E	clock	1622767042	hexid	AAA621	airGround	A+ 0 A	squawk	4140 29 A	alt	30000 0 A	position	{39.86870 -84.08506 7 371} 0 A	alt_gnss	30875 2 A	vrate	0 2 A	speed	451.0 2 A	track	214.0 2 A	nav_alt_mcp	30016 11 A	nav_heading	224.3 11 A	nav_qnh	1013.6 11 A	emergency	none 29 A
_v	7E	clock	1622767028	hexid	AB6851	airGround	A+ 2 A	squawk	1760 6 A	alt	37000 6 A	alt_gnss	37975 2 A	vrate	0 2 A	speed	469.6 2 A	track	71.4 2 A	nav_alt_mcp	36992 2 A	nav_heading	72.4 2 A	nav_qnh	1013.6 2 A	emergency	none 6 A
_v	7E	clock	1622767045	hexid	A23F37	airGround	A+ 0 S
_v	7E	clock	1622767030	hexid	ABD559	addrtype	adsb_icao	adsb_version	0	nac_v	1 2 A	airGround	A+ 2 A	alt	29000 5 U	alt_gnss	29950 2 U	vrate	0 2 A	speed	434.0 2 A	track	359.5 2 A
_v	7E	clock	1622767050	hexid	A8A763	es_op_status	F82300060049B8
_v	7E	clock	1622767050	hexid	A263DC	airGround	A+ 1 A	ident	{ENY4337 } 9 A	alt	30200 1 A	position	{39.45963 -84.98425 8 186} 1 A	alt_gnss	31200 1 A	vrate	-1984 1 A	speed	422.6 1 A	track	332.8 1 A	nav_alt_mcp	28000 2 A	nav_modes	{autopilot vnav tcas} 2 A	nav_qnh	1013.6 2 A
_v	7E	clock	1622767054	hexid	A8A763	addrtype	adsb_icao	adsb_version	2	category	A5	nac_p	9 4 A	sil	3 4 A	sil_type	perhour 4 A	nic_baro	1 4 A	airGround	A+ 0 A	ident	{AJT904  } 0 A	alt	20025 0 A
_v	7E	clock	1622767060	hexid	A263DC	airGround	A+ 0 A	squawk	3156 0 A	ident	{ENY4337 } 9 A	alt	29825 0 A	position	{39.47914 -84.99713 8 186} 0 A	alt_gnss	30825 0 A	vrate	-1984 0 A	speed	422.6 0 A	track	332.8 0 A	nav_alt_mcp	28000 2 A	nav_modes	{autopilot vnav tcas} 2 A	nav_qnh	1013.6 2 A	emergency	none 0 A
_v	7E	clock	1622767063	hexid	A94BFC	datalink_caps	10030A80F50000
_v	7E	clock	1622767059	hexid	A8A763	nac_v	2 1 A	airGround	A+ 0 A	alt	20225 0 A	position	{39.25829 -85.43970 8 186} 0 A	alt_gnss	20825 0 A	vrate	2176 1 A	speed	413.4 1 A	track	281.6 1 A
_v	7E	clock	1622767064	hexid	A94BFC	airGround	A+ 0 A	squawk	7357 0 A	ident	{UAL1699 } 2 A	alt	35000 0 A	position	{39.90582 -84.32867 8 186} 0 A	alt_gnss	35875 0 A	vrate	0 0 A	speed	464.3 0 A	track	94.3 0 A	nav_alt_mcp	35008 0 A	nav_heading	97.0 0 A	nav_qnh	1013.6 0 A	emergency	none 0 A
_v	7E	clock	1622767069	hexid	ADC1EF	addrtype	adsb_icao	adsb_version	0	airGround	A+ 1 A	squawk	5625 1 A	alt	35025 0 U	emergency	none 1 A
_v	7E	clock	1622767066	hexid	A263DC	airGround	A+ 0 A	squawk	3156 1 A	alt	29650 1 A	position	{39.48857 -85.00331 8 186} 1 A	alt_gnss	30600 0 A	vrate	-1920 0 A	speed	422.6 0 A	track	332.8 0 A	emergency	none 1 A
_v	7E	clock	1622767071	hexid	ADC1EF	category	A4	nac_p	8 0 A	sil	2 0 A	sil_type	unknown 0 A	airGround	A+ 0 A	ident	{FDX136  } 0 A	alt	35025 0 A
_v	7E	clock	1622767073	hexid	ADC1EF	nac_p	9 0 A	sil	3 0 A	nic_baro	1 0 A	airGround	A+ 0 A	alt	35025 0 A	nav_alt_mcp	35008 0 A	nav_heading	38.0 0 A	nav_qnh	1013.6 0 A
_v	7E	clock	1622767072	hexid	AAA621	airGround	A+ 0 A	squawk	4140 8 A	ident	{SWA443  } 10 A	alt	30000 0 A	position	{39.81743 -84.12970 7 371} 0 A	alt_gnss	30875 0 A	vrate	0 0 A	speed	451.2 0 A	track	213.8 0 A	nav_alt_mcp	30016 11 A	nav_heading	224.3 11 A	nav_qnh	1013.6 11 A	emergency	none 8 A
_v	7E	clock	1622767069	hexid	AB6851	alt	20725 0 U
_v	7E	clock	1622767074	hexid	AA6988	squawk	5324 0 U
_v	7E	clock	1622767077	hexid	A8A763	alt	20875 0 U
_v	7E	clock	1622767081	hexid	C025D2	addrtype	adsb_icao	adsb_version	0	nac_p	9 0 A	nac_v	1 1 A	sil	3 0 A	sil_type	unknown 0 A	nic_baro	1 0 A	airGround	A+ 0 A	alt	21650 1 A	position	{39.28230 -85.27182 8 186} 1 A	alt_gnss	22300 1 A	vrate	2944 1 A	speed	442.2 1 A	track	302.3 1 A	nav_alt_mcp	23008 0 A	nav_heading	309.4 0 A	nav_qnh	1013.6 0 A
_v	7E	clock	1622767082	hexid	C025D2	es_op_status	F82100020049B8
_v	7E	clock	1622767083	hexid	C025D2	adsb_version	2	sil_type	perhour 0 A	airGround	A+ 0 A	squawk	6772 0 A	nav_alt_mcp	23008 0 A	nav_heading	309.4 0 A	nav_qnh	1013.6 0 A	emergency	none 0 A
_v	7E	clock	1622767082	hexid	ADC1EF	nac_p	8 1 A	nac_v	1 5 A	sil	2 1 A	airGround	A+ 1 A	ident	{FDX136  } 1 A	alt	35025 1 A	position	{40.20067 -85.12939 8 186} 1 A	alt_gnss	35925 5 A	vrate	0 5 A	speed	467.0 5 A	track	40.1 5 A
_v	7E	clock	1622767085	hexid	A23F37	airGround	A+ 0 A	ident	{N244DS  } 0 A	alt	26225 0 A	alt_gnss	27025 0 A	vrate_geom	1600 0 A	speed	474.4 0 A	track	58.6 0 A
_v	7E	clock	1622767086	hexid	A23F37	nac_p	11 0 A	sil	3 0 A	airGround	A+ 0 A	nav_alt_mcp	35008 0 A	nav_heading	88.6 0 A	nav_qnh	1012.8 0 A
_v	7E	clock	1622767088	hexid	C025D2	airGround	A+ 0 A	squawk	6772 4 A	alt	21900 3 A	position	{39.28752 -85.28257 8 186} 3 A	alt_gnss	22575 1 A	vrate	2880 0 A	speed	443.6 0 A	track	302.3 0 A	nav_alt_mcp	27296 0 A	nav_heading	309.4 0 A	nav_qnh	1013.6 0 A	emergency	none 4 A
_v	7E	clock	1622767089	hexid	A8A763	airGround	A+ 3 S	alt	21300 0 U
_v	7E	clock	1622767091	hexid	C025D2	airGround	A+ 0 A	alt	22100 2 A	position	{39.29190 -85.29150 8 186} 2 A	alt_gnss	22800 2 A	vrate	2816 1 A	speed	444.2 1 A	track	302.4 1 A	nav_alt_mcp	27616 0 A	nav_heading	309.4 0 A	nav_qnh	1013.6 0 A
_v	7E	clock	1622767093	hexid	C025D2	airGround	A+ 0 A	squawk	6772 0 A	alt	22275 0 A	position	{39.29623 -85.30017 8 186} 0 A	alt_gnss	22975 0 A	vrate	2752 0 A	speed	445.0 0 A	track	302.3 0 A	nav_alt_mcp	28800 0 A	nav_heading	309.4 0 A	nav_qnh	1013.6 0 A	emergency	none 0 A
_v	7E	clock	1622767094	hexid	A94BFC	airGround	A+ 0 A	squawk	7357 0 A	ident	{UAL1699 } 13 A	alt	35000 0 A	position	{39.90104 -84.24713 8 186} 0 A	alt_gnss	35875 0 A	vrate	0 0 A	speed	464.4 0 A	track	94.4 0 A	nav_alt_mcp	35008 0 A	nav_heading	97.0 0 A	nav_qnh	1013.6 0 A	emergency	none 0 A
_v	7E	clock	1622767095	hexid	C025D2	category	A5	airGround	A+ 0 A	ident	{CJT919  } 0 A	alt	22325 1 A	position	{39.29730 -85.30243 8 186} 1 A	nav_alt_mcp	28992 0 A	nav_heading	309.4 0 A	nav_qnh	1013.6 0 A
_v	7E	clock	1622767096	hexid	A23F37	nac_p	8 3 A	sil	2 3 A	airGround	A+ 0 A	alt	26425 3 A	position	{39.96984 -84.76489 8 186} 3 A	alt_gnss	27250 1 A	vrate_geom	1728 0 A	speed	476.6 0 A	track	58.6 0 A
_v	7E	clock	1622767097	hexid	A23F37	es_op_status	F8210002004BB8
_v	7E	clock	1622767096	hexid	A8A763	airGround	A+ 0 A	alt	21550 0 A	position	{39.27301 -85.52904 8 186} 0 A
_v	7E	clock	1622767102	hexid	AAA621	airGround	A+ 0 A	squawk	4140 9 A	ident	{SWA443  } 0 A	alt	30000 0 A	position	{39.76343 -84.17657 7 371} 0 A	alt_gnss	30875 0 A	vrate	0 0 A	speed	452.1 0 A	track	213.7 0 A	nav_alt_mcp	30016 1 A	nav_heading	224.3 1 A	nav_qnh	1013.6 1 A	emergency	none 9 A
_v	7E	clock	1622767094	hexid	AB6851	airGround	A+ 0 S
_v	7E	clock	1622767106	hexid	C025D2	airGround	A+ 0 A	squawk	6772 8 A	ident	{CJT919  } 5 A	alt	22900 1 A	position	{39.30950 -85.32703 8 186} 1 A	alt_gnss	23600 0 A	vrate	3136 0 A	speed	445.2 0 A	track	302.6 0 A	nav_alt_mcp	28992 3 A	nav_heading	309.4 3 A	nav_qnh	1013.6 3 A	emergency	none 8 A
_v	7E	clock	1622767106	hexid	A23F37	adsb_version	2	nac_p	11 2 A	sil	3 2 A	sil_type	perhour 2 A	airGround	A+ 0 A	squawk	6754 6 A	ident	{N244DS  } 1 A	alt	26700 3 A	position	{39.98076 -84.74164 8 186} 3 A	alt_gnss	27525 3 A	vrate_geom	1728 0 A	speed	478.3 0 A	track	58.8 0 A	nav_alt_mcp	35008 2 A	nav_heading	88.6 2 A	nav_qnh	1012.8 2 A	emergency	none 6 A
_v	7E	clock	1622767096	hexid	ADC1EF	airGround	A+ 0 S
_v	7E	clock	1622767116	hexid	C025D2	airGround	A+ 1 A	ident	{CJT919  } 1 A	alt	23400 1 A	position	{39.32108 -85.35034 8 186} 1 A	alt_gnss	24125 1 A	vrate	2496 1 A	speed	447.4 1 A	track	302.6 1 A	nav_alt_mcp	28992 1 A	nav_heading	309.4 1 A	nav_qnh	1013.6 1 A
_v	7E	clock	1622767116	hexid	A23F37	airGround	A+ 0 A	alt	27075 0 A	position	{39.99582 -84.70940 8 186} 0 A	alt_gnss	27750 6 A	nav_alt_mcp	35008 2 A	nav_heading	88.6 2 A	nav_qnh	1012.8 2 A
_v	7E	clock	1622767124	hexid	A94BFC	airGround	A+ 0 A	squawk	7357 0 A	ident	{UAL1699 } 3 A	alt	35000 0 A	position	{39.89592 -84.16199 8 186} 0 A	alt_gnss	35875 0 A	vrate	0 0 A	speed	465.4 0 A	track	94.4 0 A	nav_alt_mcp	35008 0 A	nav_heading	97.0 0 A	nav_qnh	1013.6 0 A	emergency	none 0 A
_v	7E	clock	1622767126	hexid	C025D2	airGround	A+ 0 A	ident	{CJT919  } 6 A	alt	23450 9 A	position	{39.32222 -85.35260 8 186} 9 A	alt_gnss	24175 9 A	vrate	2432 0 A	speed	450.5 0 A	track	302.5 0 A
_v	7E	clock	1622767131	hexid	A23F37	airGround	A+ 2 A	alt	27450 0 U	nav_alt_mcp	35008 2 A	nav_heading	88.6 2 A	nav_qnh	1012.8 2 A
_v	7E	clock	1622767133	hexid	AAA621	airGround	A+ 0 A	squawk	4140 9 A	ident	{SWA443  } 1 A	alt	30000 0 A	position	{39.71141 -84.22167 7 371} 0 A	alt_gnss	30875 0 A	vrate	0 0 A	speed	452.6 0 A	track	213.8 0 A	nav_alt_mcp	30016 2 A	nav_heading	224.3 2 A	nav_qnh	1013.6 2 A	emergency	none 9 A
_v	7E	clock	1622767140	hexid	AB6851	alt	37000 0 U
_v	7E	clock	1622767140	hexid	A23F37	airGround	A+ 0 A	squawk	6754 1 A	ident	{N244DS  } 0 A	alt	27700 0 A	position	{40.02412 -84.64878 8 186} 0 A	alt_gnss	28525 0 A	vrate_geom	1600 0 A	speed	479.7 0 A	track	58.7 0 A	nav_alt_mcp	35008 2 A	nav_heading	88.6 2 A	nav_qnh	1012.8 2 A	emergency	none 1 A
_v	7E	clock	1622767144	hexid	ADC1EF	airGround	A+ 0 S
_v	7E	clock	1622767151	hexid	A23F37	airGround	A+ 0 A	ident	{N244DS  } 6 A	alt	27975 0 A	position	{40.03632 -84.62263 8 186} 0 A	alt_gnss	28825 0 A	vrate_geom	1600 0 A	speed	480.5 0 A	track	58.8 0 A	nav_alt_mcp	35008 7 A	nav_heading	88.6 7 A	nav_qnh	1012.8 7 A
_v	7E	clock	1622767152	hexid	A23F37	airGround	A+ 0 A	alt	28000 0 A	position	{40.03748 -84.62019 8 186} 0 A	nav_alt_mcp	35008 0 A	nav_heading	61.2 0 A	nav_qnh	1012.8 0 A
_v	7E	clock	1622767154	hexid	A94BFC	airGround	A+ 0 A	squawk	7357 10 A	ident	{UAL1699 } 4 A	alt	35000 1 A	position	{39.89104 -84.08100 8 186} 1 A	alt_gnss	35875 4 A	vrate	0 4 A	speed	464.5 4 A	track	94.6 4 A	nav_alt_mcp	35008 0 A	nav_heading	97.0 0 A	nav_qnh	1013.6 0 A	emergency	none 10 A
_v	7E	clock	1622767158	hexid	A23F37	airGround	A+ 3 A	ident	{N244DS  } 3 A	alt	28075 3 A	position	{40.04093 -84.61277 8 186} 3 A	alt_gnss	28925 3 A	vrate_geom	1664 3 A	speed	480.5 3 A	track	58.8 3 A	nav_alt_mcp	35008 4 A	nav_heading	61.2 4 A	nav_qnh	1012.8 4 A
_v	7E	clock	1622767163	hexid	AAA621	airGround	A+ 0 A	squawk	4140 9 A	ident	{SWA443  } 2 A	alt	30000 0 A	position	{39.65776 -84.26813 7 371} 0 A	alt_gnss	30875 0 A	vrate	0 0 A	speed	453.5 0 A	track	213.8 0 A	nav_alt_mcp	30016 0 A	nav_heading	224.3 0 A	nav_qnh	1013.6 0 A	emergency	none 9 A
_v	7E	clock	1622767165	hexid	A263DC	airGround	A+ 0 S
_v	7E	clock	1622767145	hexid	AB6851	airGround	A+ 2 A	alt	37000 1 U	alt_gnss	37950 1 U	vrate	64 2 A	speed	473.1 2 A	track	81.6 2 A
_v	7E	clock	1622767178	hexid	A263DC	airGround	A+ 0 A	alt	28000 0 A	position	{39.68457 -85.13342 8 186} 0 A	alt_gnss	28950 1 A	vrate	-64 1 A	speed	420.4 1 A	track	332.8 1 A	nav_alt_mcp	28000 4 A	nav_modes	{autopilot vnav tcas} 4 A	nav_qnh	1013.6 4 A
_v	7E	clock	1622767178	hexid	A23F37	airGround	A+ 0 A	squawk	6754 0 A	ident	{N244DS  } 14 A	alt	28700 0 A	position	{40.06718 -84.55634 8 186} 0 A	alt_gnss	29550 0 A	vrate_geom	1600 0 A	speed	484.1 0 A	track	58.8 0 A	nav_alt_mcp	35008 14 A	nav_heading	61.2 14 A	nav_qnh	1012.8 14 A	emergency	none 0 A
_v	7E	clock	1622767184	hexid	A94BFC	airGround	A+ 0 A	squawk	7357 20 A	alt	35000 0 A	position	{39.88582 -83.99496 8 186} 0 A	alt_gnss	35875 0 A	vrate	-64 0 A	speed	465.5 0 A	track	94.6 0 A	nav_alt_mcp	35008 0 A	nav_heading	97.0 0 A	nav_qnh	1013.6 0 A	emergency	none 20 A
_v	7E	clock	1622767175	hexid	AA5B9F	addrtype	adsb_icao	airGround	A+ 19 S
_v	7E	clock	1622767187	hexid	A23F37	airGround	A+ 1 A	squawk	6754 8 A	alt	28850 4 A	position	{40.07323 -84.54340 8 186} 4 A	alt_gnss	29700 3 A	vrate_geom	1536 3 A	speed	485.0 3 A	track	58.8 3 A	nav_alt_mcp	35008 5 A	nav_heading	61.2 5 A	nav_qnh	1012.8 5 A	emergency	none 8 A
_v	7E	clock	1622767191	hexid	A72897	addrtype	adsb_icao	adsb_version	0	nac_p	10 0 A	nac_v	2 0 A	sil	3 0 A	sil_type	unknown 0 A	nic_baro	1 0 A	airGround	A+ 0 A	squawk	6674 0 A	alt	1725 0 A	alt_gnss	1700 0 A	vrate	2624 0 A	speed	199.1 0 A	track	358.3 0 A	nav_alt_mcp	3008 0 A	nav_heading	2.1 0 A	nav_modes	{} 0 A	nav_qnh	1016.0 0 A	emergency	none 0 A
_v	7E	clock	1622767187	hexid	AAA621	airGround	A+ 2 A	squawk	4140 22 A	ident	{SWA443  } 5 A	alt	30000 2 A	position	{39.62137 -84.29953 7 371} 2 A	alt_gnss	30875 2 A	vrate	64 2 A	speed	454.3 2 A	track	213.7 2 A	nav_alt_mcp	30016 3 A	nav_heading	224.3 3 A	nav_qnh	1013.6 3 A	emergency	none 22 A
_v	7E	clock	1622767192	hexid	A72897	nac_p	8 0 A	sil	2 0 A	airGround	A+ 0 A	alt	1775 0 A	position	{39.92897 -84.21270 8 186} 0 A	alt_gnss	1725 0 A	vrate	2624 0 A	speed	199.1 0 A	track	358.3 0 A
_v	7E	clock	1622767197	hexid	A23F37	airGround	A+ 0 A	alt	29200 0 A	position	{40.08929 -84.50885 8 186} 0 A	alt_gnss	30050 0 A	vrate_geom	1600 0 A	speed	486.4 0 A	track	58.8 0 A	nav_alt_mcp	35008 3 A	nav_heading	61.2 3 A	nav_qnh	1012.8 3 A
_v	7E	clock	1622767201	hexid	A72897	nac_p	10 0 A	sil	3 0 A	squawk	6674 0 A	alt	2225 0 A	position	{39.93744 -84.21295 8 186} 0 A	nav_alt_mcp	3008 0 A	nav_heading	2.1 0 A	nav_modes	{tcas} 0 A	nav_qnh	1016.0 0 A	emergency	none 0 A
_v	7E	clock	1622767201	hexid	C025D2	alt	26725 0 U	alt_gnss	27450 0 U
_v	7E	clock	1622767199	hexid	AAA621	airGround	A+ 0 A	alt	30000 1 A	position	{39.59720 -84.31864 7 371} 1 A	alt_gnss	30875 1 A	vrate	0 1 A	speed	456.0 1 A	track	208.7 1 A	nav_alt_mcp	30016 0 A	nav_heading	224.3 0 A	nav_qnh	1013.6 0 A
_v	7E	clock	1622767206	hexid	A72897	alt	2450 0 A	position	{39.94203 -84.21295 8 186} 0 A	nav_alt_mcp	3008 0 A	nav_heading	2.1 0 A	nav_modes	{tcas} 0 A	nav_qnh	1016.0 0 A
_v	7E	clock	1622767207	hexid	A263DC	airGround	A+ 3 A	squawk	3156 7 A	alt	28000 3 A	position	{39.72798 -85.16237 8 186} 3 A	alt_gnss	28950 4 A	vrate	0 4 A	speed	420.9 4 A	track	332.7 4 A	emergency	none 7 A
_v	7E	clock	1622767208	hexid	A23F37	airGround	A+ 0 A	alt	29500 0 A	position	{40.10280 -84.47974 8 186} 0 A	alt_gnss	30325 0 A	vrate_geom	1600 0 A	speed	487.2 0 A	track	58.9 0 A
_v	7E	clock	1622767207	hexid	A72897	nac_p	8 0 A	sil	2 0 A	airGround	? 0 A	alt	2500 0 A	position	{39.94299 -84.21295 8 186} 0 A
